player_id,match_id,skill,wealth_group,carry_value,lost_value,loss_rate,died,died_to_player,survived_min,frustration,early_quit,next_gap_min
1,1,0.425,富人,69992.6,2045.6,0.0292,0,0,28.1,1.0,0,16.8
1,2,0.425,富人,73503.4,49826.7,0.6779,1,1,0.2,4.35,1,14.7
1,3,0.425,富人,17549.4,5333.2,0.3039,0,0,29.1,1.67,0,18.5
1,4,0.425,富人,37110.9,6087.7,0.164,0,0,26.2,2.67,0,20.5
1,5,0.425,富人,68082.3,14948.4,0.2196,0,0,26.1,1.66,1,10.8
1,6,0.425,富人,21521.2,6635.4,0.3083,0,0,24.9,1.62,0,17.4
1,7,0.425,富人,48094.7,3297.8,0.0686,0,0,29.4,1.02,0,13.2
1,8,0.425,富人,24227.4,15650.1,0.646,1,0,14.3,3.35,0,20.5
1,9,0.425,富人,47479.1,1604.9,0.0338,0,0,28.6,1.8,0,12.1
1,10,0.425,富人,52840.6,42821.2,0.8104,1,0,16.4,3.61,1,6.6
1,11,0.425,富人,34750.6,32586.2,0.9377,1,1,17.8,5.02,0,9.9
1,12,0.425,富人,118368.6,103056.7,0.8706,1,1,0.6,6.26,0,6.0
1,13,0.425,富人,132841.3,7552.8,0.0569,0,0,27.6,1.0,0,11.4
1,14,0.425,富人,80006.0,60861.1,0.7607,1,1,5.8,4.89,1,8.2
1,15,0.425,富人,48780.4,42682.8,0.875,1,1,11.6,5.03,0,8.4
2,16,0.528,穷人,3182.7,2535.0,0.7965,1,0,23.6,5.57,0,4.0
2,17,0.528,穷人,11778.1,11122.1,0.9443,1,1,6.1,5.76,1,11.1
2,18,0.528,穷人,6601.4,1001.4,0.1517,0,0,25.2,2.03,0,39.3
2,19,0.528,穷人,8650.6,7581.7,0.8764,1,1,17.0,5.25,0,15.5
2,20,0.528,穷人,13606.3,10297.8,0.7568,1,0,11.8,4.55,0,11.5
2,21,0.528,穷人,8615.2,5403.5,0.6272,1,1,5.0,5.41,1,11.6
2,22,0.528,穷人,16651.0,2655.3,0.1595,0,0,25.1,1.88,0,17.1
2,23,0.528,穷人,1109.4,258.7,0.2332,0,0,28.8,3.45,0,12.1
2,24,0.528,穷人,12650.7,10204.9,0.8067,1,0,1.5,4.65,0,9.2
2,25,0.528,穷人,8357.9,1594.2,0.1907,0,0,28.0,3.13,0,15.8
2,26,0.528,穷人,13077.7,9837.6,0.7522,1,1,18.0,5.53,0,6.0
2,27,0.528,穷人,7412.8,5394.2,0.7277,1,1,12.2,5.81,0,9.8
2,28,0.528,穷人,9557.4,7190.0,0.7523,1,1,15.9,4.97,1,4.4
2,29,0.528,穷人,23529.9,524.2,0.0223,0,0,24.8,1.61,0,17.0
2,30,0.528,穷人,11971.4,10314.0,0.8616,1,1,7.7,5.68,0,7.4
2,31,0.528,穷人,7335.1,4391.6,0.5987,1,0,7.7,4.81,0,12.3
2,32,0.528,穷人,10528.1,6624.0,0.6292,1,0,18.4,3.35,0,41.7
2,33,0.528,穷人,4334.0,3377.9,0.7794,1,1,19.6,6.52,0,4.0
2,34,0.528,穷人,9551.9,7855.0,0.8223,1,1,24.0,5.33,1,8.3
2,35,0.528,穷人,21852.1,1394.1,0.0638,0,0,25.6,2.27,0,11.3
2,36,0.528,穷人,4280.3,957.1,0.2236,0,0,27.9,2.96,0,23.9
2,37,0.528,穷人,25543.9,4368.7,0.171,0,0,28.0,2.68,0,19.0
2,38,0.528,穷人,4390.3,828.8,0.1888,0,0,29.4,1.32,0,15.0
3,39,0.637,中产,17812.8,769.1,0.0432,0,0,24.2,1.29,0,35.1
3,40,0.637,中产,20855.4,12864.6,0.6168,1,1,17.7,4.38,1,10.0
3,41,0.637,中产,20976.5,10710.1,0.5106,0,0,24.7,2.66,1,11.1
3,42,0.637,中产,40776.6,5164.8,0.1267,0,0,26.4,2.24,0,28.9
3,43,0.637,中产,5084.3,3670.6,0.722,1,1,19.9,4.09,0,8.6
3,44,0.637,中产,17788.1,235.3,0.0132,0,0,27.4,1.0,0,17.5
3,45,0.637,中产,28422.0,21723.5,0.7643,1,1,15.5,4.65,1,8.4
3,46,0.637,中产,55464.8,3041.9,0.0548,0,0,28.1,1.0,0,8.6
3,47,0.637,中产,10005.7,1963.5,0.1962,0,0,24.3,1.29,0,16.8
3,48,0.637,中产,37665.2,37311.6,0.9906,1,1,2.9,4.15,0,10.2
3,49,0.637,中产,47991.3,8547.3,0.1781,0,0,27.5,1.35,0,11.0
3,50,0.637,中产,11279.9,1826.1,0.1619,0,0,25.2,2.23,0,26.3
3,51,0.637,中产,12132.7,866.4,0.0714,0,0,26.3,1.0,0,23.6
3,52,0.637,中产,54968.4,9892.5,0.18,0,0,24.6,1.79,0,23.4
3,53,0.637,中产,23456.1,17976.7,0.7664,1,0,16.1,4.83,1,17.7
3,54,0.637,中产,17667.3,1422.2,0.0805,0,0,24.2,1.86,0,4.8
3,55,0.637,中产,6607.6,1243.6,0.1882,0,0,27.4,3.44,0,9.7
3,56,0.637,中产,17460.5,4084.4,0.2339,0,0,27.6,1.03,0,5.1
3,57,0.637,中产,31984.3,4204.4,0.1315,0,0,26.5,1.0,0,21.8
3,58,0.637,中产,14755.5,12427.8,0.8422,1,1,3.9,6.15,1,5.9
3,59,0.637,中产,8662.1,8336.4,0.9624,1,1,2.3,4.29,0,11.5
3,60,0.637,中产,28328.4,2349.2,0.0829,0,0,26.6,1.0,0,11.2
3,61,0.637,中产,11908.4,1403.3,0.1178,0,0,29.6,1.46,0,17.2
3,62,0.637,中产,69717.8,56588.7,0.8117,1,1,23.3,5.81,1,5.4
3,63,0.637,中产,27739.3,6016.1,0.2169,0,0,29.1,2.57,0,13.3
3,64,0.637,中产,27533.5,2489.6,0.0904,0,0,26.7,1.0,0,6.1
3,65,0.637,中产,23410.7,19478.1,0.832,1,1,3.8,4.72,1,22.5
3,66,0.637,中产,31762.1,4162.0,0.131,0,0,24.4,1.53,0,20.3
3,67,0.637,中产,25796.2,3451.7,0.1338,0,0,29.7,1.0,0,9.5
3,68,0.637,中产,84288.6,20359.6,0.2415,0,0,25.9,2.29,0,8.8
3,69,0.637,中产,36282.6,30978.5,0.8538,1,1,12.5,3.94,0,8.8
3,70,0.637,中产,3755.8,846.7,0.2254,0,0,27.8,3.08,1,40.8
3,71,0.637,中产,54956.7,3209.3,0.0584,0,0,26.6,1.2,0,45.8
3,72,0.637,中产,23362.4,4494.2,0.1924,0,0,28.9,2.22,0,7.3
3,73,0.637,中产,9781.8,4230.9,0.4325,1,0,6.5,3.3,1,6.0
3,74,0.637,中产,17501.3,13995.1,0.7997,1,0,8.6,3.78,0,13.3
3,75,0.637,中产,24629.1,22265.7,0.904,1,1,18.0,5.74,0,3.7
3,76,0.637,中产,15751.0,13809.4,0.8767,1,1,7.5,5.31,1,7.7
4,77,0.517,富人,188574.5,102622.2,0.5442,1,1,20.8,2.67,0,3.4
4,78,0.517,富人,117935.9,6707.8,0.0569,0,0,27.0,1.0,0,17.0
4,79,0.517,富人,244570.6,75693.0,0.3095,0,0,29.2,1.0,0,22.2
4,80,0.517,富人,156458.3,152487.5,0.9746,1,1,4.7,4.76,1,6.6
4,81,0.517,富人,108998.5,5666.9,0.052,0,0,29.5,1.0,0,9.7
4,82,0.517,富人,68204.9,48414.0,0.7098,1,1,18.6,3.35,0,12.2
4,83,0.517,富人,56738.7,55535.9,0.9788,1,1,19.4,4.35,1,9.3
4,84,0.517,富人,51319.4,13006.4,0.2534,0,0,27.9,1.0,0,17.6
4,85,0.517,富人,178063.3,35063.6,0.1969,0,0,26.8,1.36,0,12.3
4,86,0.517,富人,306583.1,258377.1,0.8428,1,1,3.2,3.75,0,14.9
4,87,0.517,富人,779898.0,100643.4,0.129,0,0,25.3,1.0,0,25.6
4,88,0.517,富人,33249.4,30880.2,0.9287,1,0,18.7,3.58,0,4.9
4,89,0.517,富人,243449.1,20881.2,0.0858,0,0,24.7,1.0,0,15.0
4,90,0.517,富人,126357.5,15085.4,0.1194,0,0,28.1,1.0,0,6.7
4,91,0.517,富人,171348.7,18742.3,0.1094,0,0,26.8,1.0,0,10.3
4,92,0.517,富人,155243.8,23486.5,0.1513,0,0,25.8,1.0,0,6.5
4,93,0.517,富人,245607.7,24331.1,0.0991,0,0,27.0,1.0,0,20.1
5,94,0.681,中产,29879.4,9905.2,0.3315,0,0,25.3,1.96,0,11.2
5,95,0.681,中产,107035.9,91552.9,0.8553,1,0,11.4,5.03,1,9.2
5,96,0.681,中产,47624.8,2708.8,0.0569,0,0,29.4,1.0,0,11.2
5,97,0.681,中产,37046.6,33527.4,0.905,1,1,19.9,5.75,1,6.8
5,98,0.681,中产,26335.4,4807.2,0.1825,0,0,26.8,2.75,0,8.8
5,99,0.681,中产,27528.2,26321.2,0.9562,1,0,18.4,4.88,1,13.2
5,100,0.681,中产,16178.7,741.2,0.0458,0,0,27.7,3.04,0,13.3
5,101,0.681,中产,12713.7,1186.6,0.0933,0,0,25.3,1.0,0,59.3
5,102,0.681,中产,19640.0,391.7,0.0199,0,0,27.2,1.0,0,30.3
5,103,0.681,中产,41842.7,6023.5,0.144,0,0,25.3,2.16,0,13.9
5,104,0.681,中产,30347.3,355.5,0.0117,0,0,25.0,1.14,0,18.1
5,105,0.681,中产,21450.4,2384.7,0.1112,0,0,29.1,1.87,0,5.3
5,106,0.681,中产,30346.6,21528.4,0.7094,1,1,20.6,4.73,0,16.3
5,107,0.681,中产,37907.0,4820.6,0.1272,0,0,28.8,1.7,0,8.2
5,108,0.681,中产,33021.9,4542.2,0.1375,0,0,26.0,1.18,0,22.5
5,109,0.681,中产,10485.3,309.8,0.0295,0,0,25.7,1.82,0,18.0
5,110,0.681,中产,17000.5,16216.2,0.9539,1,1,19.3,7.06,0,5.6
5,111,0.681,中产,22714.0,1495.6,0.0658,0,0,27.6,1.23,0,5.8
5,112,0.681,中产,39896.9,9607.0,0.2408,0,0,24.1,1.8,0,16.2
5,113,0.681,中产,13602.7,180.9,0.0133,0,0,25.5,1.0,0,10.9
5,114,0.681,中产,10153.2,960.0,0.0946,0,0,24.1,2.28,0,7.7
5,115,0.681,中产,26254.1,2624.2,0.1,0,0,29.1,2.25,0,3.0
5,116,0.681,中产,17792.4,2279.2,0.1281,0,0,26.8,1.0,0,8.0
5,117,0.681,中产,18147.5,6244.2,0.3441,0,0,28.4,1.73,0,31.8
5,118,0.681,中产,25239.8,2425.9,0.0961,0,0,29.9,1.0,0,5.9
5,119,0.681,中产,16397.1,804.8,0.0491,0,0,29.1,1.0,0,8.7
5,120,0.681,中产,44399.9,3907.5,0.088,0,0,24.9,1.56,0,18.3
5,121,0.681,中产,29708.5,23303.9,0.7844,1,1,9.0,6.52,1,2.2
5,122,0.681,中产,29334.5,25681.1,0.8755,1,1,0.5,4.91,0,5.7
5,123,0.681,中产,15873.2,12407.5,0.7817,1,0,18.9,4.87,0,6.5
5,124,0.681,中产,97211.8,67404.9,0.6934,1,0,10.9,4.22,0,14.0
5,125,0.681,中产,12057.4,2192.9,0.1819,0,0,26.5,1.49,0,14.5
5,126,0.681,中产,16029.1,15003.9,0.936,1,0,12.7,5.4,0,5.7
5,127,0.681,中产,38248.0,32407.5,0.8473,1,1,8.5,5.64,1,17.7
5,128,0.681,中产,16286.5,596.7,0.0366,0,0,24.2,1.0,0,26.0
5,129,0.681,中产,143002.7,20570.9,0.1438,0,0,28.3,1.44,0,34.1
6,130,0.764,富人,70754.2,4815.2,0.0681,0,0,25.6,1.39,0,7.1
6,131,0.764,富人,18335.6,14529.0,0.7924,1,1,2.2,3.7,1,6.5
6,132,0.764,富人,66060.0,15325.0,0.232,0,0,28.6,1.75,0,15.2
6,133,0.764,富人,98175.2,25107.2,0.2557,0,0,28.6,2.67,0,9.4
6,134,0.764,富人,95451.6,10024.1,0.105,0,0,26.5,1.23,0,22.8
6,135,0.764,富人,67669.9,6212.6,0.0918,0,0,26.0,1.64,0,9.5
6,136,0.764,富人,62558.2,10093.9,0.1614,0,0,25.5,2.05,0,11.6
6,137,0.764,富人,72962.7,4931.4,0.0676,0,0,25.6,1.97,0,54.4
6,138,0.764,富人,76099.2,3503.7,0.046,0,0,25.6,1.01,0,9.5
6,139,0.764,富人,31505.2,7256.0,0.2303,0,0,24.9,1.0,0,27.9
6,140,0.764,富人,87842.7,35607.9,0.4054,0,0,26.1,1.32,0,12.4
6,141,0.764,富人,28948.9,3087.1,0.1066,0,0,26.0,1.0,0,5.7
6,142,0.764,富人,32919.6,4567.1,0.1387,0,0,25.8,1.58,0,8.7
6,143,0.764,富人,61410.3,634.5,0.0103,0,0,27.2,1.0,0,15.2
6,144,0.764,富人,86346.6,6947.4,0.0805,0,0,28.2,1.0,0,27.8
6,145,0.764,富人,174598.2,21576.2,0.1236,0,0,27.8,1.0,0,15.2
6,146,0.764,富人,37302.8,4499.8,0.1206,0,0,26.5,1.32,0,7.6
6,147,0.764,富人,155274.2,110182.0,0.7096,1,1,17.0,5.15,0,12.5
6,148,0.764,富人,80710.9,52034.5,0.6447,1,0,11.3,3.34,0,20.6
6,149,0.764,富人,29548.3,3626.7,0.1227,0,0,26.3,1.0,0,18.5
6,150,0.764,富人,96458.7,79847.4,0.8278,1,1,1.9,5.07,1,1.7
6,151,0.764,富人,27900.4,15669.1,0.5616,1,0,10.3,3.42,0,17.2
6,152,0.764,富人,235557.1,2923.9,0.0124,0,0,28.3,1.0,0,52.7
6,153,0.764,富人,38301.7,33466.4,0.8738,1,1,19.1,5.06,1,8.1
6,154,0.764,富人,130335.6,87709.9,0.673,1,1,6.3,4.37,0,30.0
6,155,0.764,富人,51073.0,13482.3,0.264,0,0,29.2,1.87,0,15.4
6,156,0.764,富人,109431.6,2066.1,0.0189,0,0,29.9,1.0,0,24.6
6,157,0.764,富人,99669.2,10663.0,0.107,0,0,25.5,1.0,0,30.9
6,158,0.764,富人,94176.3,16554.0,0.1758,0,0,27.3,1.0,0,26.7
6,159,0.764,富人,154207.1,5653.3,0.0367,0,0,25.4,2.07,0,9.0
6,160,0.764,富人,96432.1,52650.0,0.546,1,0,16.6,3.56,0,11.3
6,161,0.764,富人,50971.8,790.2,0.0155,0,0,28.0,1.0,0,14.2
6,162,0.764,富人,18522.5,14483.6,0.7819,1,1,14.0,4.24,0,8.1
6,163,0.764,富人,108159.8,5523.8,0.0511,0,0,25.6,1.0,0,4.4
6,164,0.764,富人,43556.8,41964.4,0.9634,1,1,8.1,4.62,0,2.9
6,165,0.764,富人,19663.8,5819.2,0.2959,0,0,29.7,3.22,0,31.1
6,166,0.764,富人,24099.1,1086.0,0.0451,0,0,26.4,1.0,0,13.6
7,167,0.521,中产,33082.8,3409.8,0.1031,0,0,29.7,1.98,0,10.8
7,168,0.521,中产,18438.0,943.2,0.0512,0,0,24.7,1.74,0,7.6
7,169,0.521,中产,10680.4,8585.6,0.8039,1,1,15.0,6.3,0,4.7
7,170,0.521,中产,28587.1,2833.6,0.0991,0,0,24.1,2.95,0,8.4
7,171,0.521,中产,26756.4,2827.2,0.1057,0,0,25.5,3.46,0,12.0
7,172,0.521,中产,38301.9,26904.6,0.7024,1,1,6.8,3.69,0,15.2
7,173,0.521,中产,27266.4,3595.9,0.1319,0,0,27.6,2.71,0,9.9
7,174,0.521,中产,65390.0,15922.1,0.2435,0,0,27.3,3.85,0,10.0
7,175,0.521,中产,68421.4,66152.6,0.9668,1,1,10.7,6.48,1,4.3
7,176,0.521,中产,46771.0,7061.6,0.151,0,0,29.5,1.77,0,19.3
7,177,0.521,中产,34296.8,4439.0,0.1294,0,0,24.9,2.03,0,5.9
7,178,0.521,中产,31695.7,30810.4,0.9721,1,1,4.7,4.89,0,17.8
7,179,0.521,中产,29127.5,6058.2,0.208,0,0,27.4,2.77,0,16.7
7,180,0.521,中产,91845.1,79925.7,0.8702,1,1,5.0,5.27,0,4.6
7,181,0.521,中产,41976.4,4889.3,0.1165,0,0,28.8,3.51,0,7.9
7,182,0.521,中产,85755.8,21171.0,0.2469,0,0,27.4,2.94,1,9.9
7,183,0.521,中产,54767.6,9990.5,0.1824,0,0,24.4,2.39,0,6.0
7,184,0.521,中产,38495.5,4007.6,0.1041,0,0,28.9,3.1,0,9.0
7,185,0.521,中产,15587.3,2283.1,0.1465,0,0,28.0,3.63,0,12.2
7,186,0.521,中产,12995.0,1096.0,0.0843,0,0,29.2,2.13,0,18.7
7,187,0.521,中产,22277.2,1054.9,0.0474,0,0,27.9,1.8,0,8.4
7,188,0.521,中产,7520.4,481.1,0.064,0,0,27.1,1.49,0,8.7
7,189,0.521,中产,15429.1,9768.8,0.6331,1,0,7.2,4.66,0,18.5
7,190,0.521,中产,17773.0,1092.8,0.0615,0,0,29.1,1.0,0,13.0
7,191,0.521,中产,42678.3,1703.9,0.0399,0,0,28.3,3.22,0,7.5
7,192,0.521,中产,22608.3,5679.0,0.2512,0,0,29.5,3.03,1,7.4
7,193,0.521,中产,38765.7,4831.8,0.1246,0,0,28.8,2.65,0,19.1
7,194,0.521,中产,22453.5,17030.0,0.7585,1,1,15.3,4.74,1,3.7
7,195,0.521,中产,26156.5,2358.3,0.0902,0,0,28.4,1.31,0,34.3
7,196,0.521,中产,17794.8,1588.5,0.0893,0,0,24.4,3.43,0,8.0
7,197,0.521,中产,8088.9,7222.8,0.8929,1,0,1.0,4.71,1,4.0
7,198,0.521,中产,25144.4,737.0,0.0293,0,0,29.7,2.86,0,10.0
7,199,0.521,中产,40036.2,19096.7,0.477,1,1,16.4,5.66,1,6.2
7,200,0.521,中产,18170.0,2843.8,0.1565,0,0,25.3,3.69,0,19.7
7,201,0.521,中产,29582.1,4222.4,0.1427,0,0,28.5,3.63,0,9.0
7,202,0.521,中产,45446.3,3446.9,0.0758,0,0,26.5,1.77,0,22.0
7,203,0.521,中产,13028.8,3079.2,0.2363,0,0,25.3,1.58,0,11.6
7,204,0.521,中产,17048.0,10702.3,0.6278,1,1,0.6,4.03,0,6.4
7,205,0.521,中产,23613.4,22228.3,0.9413,1,1,10.1,5.6,1,9.1
8,206,0.296,富人,37985.0,3501.5,0.0922,0,0,27.4,1.58,0,10.8
8,207,0.296,富人,22789.4,3622.7,0.159,0,0,28.3,1.35,0,14.0
8,208,0.296,富人,35676.3,1429.8,0.0401,0,0,28.2,3.31,0,15.9
8,209,0.296,富人,82795.8,18040.3,0.2179,0,0,24.1,1.0,0,7.5
8,210,0.296,富人,23962.1,16722.8,0.6979,1,0,3.7,3.5,0,12.8
8,211,0.296,富人,26061.8,1431.2,0.0549,0,0,28.8,1.0,0,8.0
8,212,0.296,富人,59507.0,47460.9,0.7976,1,1,15.6,3.98,1,19.2
8,213,0.296,富人,33475.4,3584.2,0.1071,0,0,25.7,1.0,0,32.0
8,214,0.296,富人,99222.1,80806.5,0.8144,1,0,7.4,3.33,0,14.1
8,215,0.296,富人,14710.1,595.2,0.0405,0,0,25.5,1.0,0,29.6
8,216,0.296,富人,25998.4,8152.8,0.3136,0,0,28.6,1.44,0,17.8
8,217,0.296,富人,51131.8,1914.2,0.0374,0,0,27.4,1.0,0,15.4
8,218,0.296,富人,36944.2,984.5,0.0266,0,0,25.4,1.0,0,10.4
8,219,0.296,富人,111902.6,94792.2,0.8471,1,0,18.0,4.26,0,6.8
8,220,0.296,富人,30684.6,8729.0,0.2845,0,0,24.9,1.11,0,16.2
8,221,0.296,富人,75870.0,46904.0,0.6182,1,1,17.6,2.94,0,11.0
8,222,0.296,富人,69979.5,26565.7,0.3796,0,0,27.7,1.0,0,21.1
8,223,0.296,富人,136271.9,8258.3,0.0606,0,0,27.3,1.0,0,5.2
8,224,0.296,富人,15856.1,2672.2,0.1685,0,0,29.7,1.0,0,9.6
8,225,0.296,富人,38961.0,6347.4,0.1629,0,0,25.8,1.56,0,9.4
8,226,0.296,富人,31677.0,3960.8,0.125,0,0,25.0,1.0,0,22.7
8,227,0.296,富人,77705.4,55793.3,0.718,1,0,21.6,3.2,1,10.7
8,228,0.296,富人,67078.2,30123.1,0.4491,0,0,25.0,2.09,0,9.2
8,229,0.296,富人,55379.9,673.3,0.0122,0,0,27.6,1.0,0,24.6
8,230,0.296,富人,25001.6,21356.0,0.8542,1,0,3.4,3.31,0,22.9
8,231,0.296,富人,22192.4,19482.4,0.8779,1,1,23.6,6.36,1,4.4
8,232,0.296,富人,52852.1,35715.1,0.6758,1,1,1.4,3.4,1,27.3
8,233,0.296,富人,52799.7,44677.9,0.8462,1,1,9.3,4.87,0,11.2
8,234,0.296,富人,38258.9,5484.5,0.1434,0,0,26.5,1.65,1,10.5
8,235,0.296,富人,24116.2,19299.5,0.8003,1,1,0.3,6.85,1,4.3
8,236,0.296,富人,41354.6,4151.8,0.1004,0,0,25.2,1.0,0,10.7
8,237,0.296,富人,20757.4,17730.4,0.8542,1,0,8.5,4.48,1,11.3
8,238,0.296,富人,19553.5,665.6,0.034,0,0,29.3,1.63,0,5.9
8,239,0.296,富人,55514.3,50959.4,0.918,1,1,1.0,5.39,1,4.5
8,240,0.296,富人,21431.2,727.6,0.034,0,0,24.8,1.0,0,7.6
8,241,0.296,富人,29222.0,1689.0,0.0578,0,0,24.6,1.79,0,18.1
8,242,0.296,富人,40087.3,30084.0,0.7505,1,1,8.5,5.07,0,14.6
9,243,0.652,中产,38613.3,8769.6,0.2271,0,0,25.9,1.0,0,19.8
9,244,0.652,中产,8853.8,6893.9,0.7786,1,1,7.0,5.22,1,4.3
9,245,0.652,中产,41293.0,30563.2,0.7402,1,0,20.3,2.53,0,24.1
9,246,0.652,中产,20607.5,16579.0,0.8045,1,1,12.6,3.73,0,6.6
9,247,0.652,中产,25811.2,5193.3,0.2012,0,0,28.8,1.01,0,12.4
9,248,0.652,中产,19029.9,8298.8,0.4361,1,1,11.5,3.12,0,9.6
9,249,0.652,中产,46302.9,8200.5,0.1771,0,0,27.9,1.0,0,11.4
9,250,0.652,中产,29514.1,24487.4,0.8297,1,1,10.9,4.97,0,13.4
9,251,0.652,中产,135044.4,30704.4,0.2274,0,0,26.6,1.0,0,15.6
9,252,0.652,中产,40648.8,3022.2,0.0744,0,0,28.2,1.0,0,21.5
9,253,0.652,中产,36545.5,8018.3,0.2194,0,0,27.0,1.32,0,11.8
9,254,0.652,中产,21894.2,2969.4,0.1356,0,0,24.3,1.0,0,21.5
9,255,0.652,中产,8771.8,1088.3,0.1241,0,0,29.5,1.12,0,9.7
9,256,0.652,中产,17208.5,1602.5,0.0931,0,0,27.6,1.0,0,9.2
9,257,0.652,中产,28329.7,3149.2,0.1112,0,0,28.9,1.0,0,10.9
9,258,0.652,中产,21063.2,19297.4,0.9162,1,1,10.8,5.19,0,7.4
9,259,0.652,中产,27335.1,2423.7,0.0887,0,0,26.6,1.0,0,19.5
9,260,0.652,中产,30360.8,3360.7,0.1107,0,0,26.7,1.69,0,6.7
9,261,0.652,中产,10013.4,3225.8,0.3221,0,0,24.8,1.0,0,8.4
9,262,0.652,中产,22017.0,3610.9,0.164,0,0,28.3,1.07,0,59.4
9,263,0.652,中产,26513.4,3720.5,0.1403,0,0,29.5,2.23,0,7.3
9,264,0.652,中产,29026.7,2190.7,0.0755,0,0,27.0,1.0,0,25.3
9,265,0.652,中产,17376.9,4019.9,0.2313,0,0,28.2,1.9,0,29.4
9,266,0.652,中产,12741.1,7451.9,0.5849,1,1,11.3,2.76,0,37.2
9,267,0.652,中产,47941.0,19964.5,0.4164,0,0,28.8,2.67,0,18.2
9,268,0.652,中产,5870.8,1663.5,0.2833,0,0,28.9,2.24,0,23.8
9,269,0.652,中产,32859.5,30233.4,0.9201,1,1,19.7,5.14,1,12.9
9,270,0.652,中产,40450.8,5179.5,0.128,0,0,26.3,1.0,0,13.3
9,271,0.652,中产,27691.5,1833.1,0.0662,0,0,29.2,1.78,0,17.0
10,272,0.833,中产,16285.5,1515.7,0.0931,0,0,24.9,1.84,0,8.9
10,273,0.833,中产,50093.1,1409.5,0.0281,0,0,26.2,1.5,0,18.2
10,274,0.833,中产,8771.7,1007.1,0.1148,0,0,29.3,2.15,0,12.2
10,275,0.833,中产,13243.7,10384.9,0.7841,1,1,5.2,6.01,0,5.4
10,276,0.833,中产,17219.3,12652.2,0.7348,1,1,5.9,4.89,0,12.1
10,277,0.833,中产,9571.1,1660.2,0.1735,0,0,24.3,1.95,0,16.7
10,278,0.833,中产,21858.5,313.6,0.0143,0,0,27.5,1.57,0,8.6
10,279,0.833,中产,22084.7,1061.5,0.0481,0,0,24.3,2.06,0,11.3
10,280,0.833,中产,13877.6,2223.7,0.1602,0,0,26.3,3.15,1,5.5
10,281,0.833,中产,47172.4,6868.0,0.1456,0,0,26.6,1.57,0,5.7
10,282,0.833,中产,32786.4,2172.7,0.0663,0,0,28.4,1.24,0,14.0
10,283,0.833,中产,65774.0,2522.1,0.0383,0,0,26.9,2.63,0,12.3
10,284,0.833,中产,9011.6,3458.9,0.3838,0,0,28.5,3.87,0,9.7
10,285,0.833,中产,8057.3,663.6,0.0824,0,0,26.6,1.99,0,19.2
10,286,0.833,中产,24088.2,8461.3,0.3513,0,0,25.2,2.78,1,12.2
10,287,0.833,中产,7566.9,270.1,0.0357,0,0,25.0,2.09,0,7.1
10,288,0.833,中产,63884.2,51964.3,0.8134,1,1,22.6,5.4,0,8.3
10,289,0.833,中产,9443.5,3656.7,0.3872,0,0,24.5,1.0,0,9.8
10,290,0.833,中产,12850.8,513.3,0.0399,0,0,25.3,1.09,0,12.9
10,291,0.833,中产,17563.4,1607.0,0.0915,0,0,24.1,1.69,0,9.3
10,292,0.833,中产,31014.3,25061.6,0.8081,1,0,3.3,5.4,1,8.1
10,293,0.833,中产,28570.8,3363.4,0.1177,0,0,27.8,1.57,0,11.2
10,294,0.833,中产,49384.1,4878.3,0.0988,0,0,27.7,2.33,0,6.0
10,295,0.833,中产,33547.4,10608.9,0.3162,0,0,27.9,2.98,0,11.7
10,296,0.833,中产,9114.3,85.7,0.0094,0,0,26.3,2.07,0,22.2
10,297,0.833,中产,25550.2,7463.2,0.2921,0,0,26.1,2.75,0,8.4
10,298,0.833,中产,25762.0,23440.8,0.9099,1,1,24.0,7.18,1,5.2
11,299,0.342,穷人,9496.1,7563.6,0.7965,1,0,23.7,5.28,0,11.4
11,300,0.342,穷人,12387.2,8395.6,0.6778,1,1,9.6,4.36,1,12.0
11,301,0.342,穷人,14986.2,778.3,0.0519,0,0,27.3,1.81,0,12.2
11,302,0.342,穷人,22689.2,2823.5,0.1244,0,0,28.0,2.73,0,7.6
11,303,0.342,穷人,7142.9,4096.2,0.5735,1,0,21.8,4.06,0,5.3
11,304,0.342,穷人,12107.8,12002.5,0.9913,1,1,1.8,7.01,1,3.6
11,305,0.342,穷人,5665.1,5182.6,0.9148,1,1,23.0,6.21,0,3.3
11,306,0.342,穷人,34200.8,780.5,0.0228,0,0,24.8,2.24,0,10.8
11,307,0.342,穷人,6168.5,4759.4,0.7716,1,1,4.7,4.9,1,15.6
11,308,0.342,穷人,8111.0,6024.5,0.7428,1,1,8.9,4.07,1,14.5
11,309,0.342,穷人,4891.5,615.2,0.1258,0,0,24.6,1.86,0,6.4
11,310,0.342,穷人,6806.7,68.3,0.01,0,0,27.0,1.0,0,12.4
11,311,0.342,穷人,8635.0,7303.2,0.8458,1,1,10.9,5.59,1,3.4
11,312,0.342,穷人,5398.2,3441.7,0.6376,1,1,11.5,5.09,0,8.2
11,313,0.342,穷人,31027.7,2658.2,0.0857,0,0,26.3,2.94,0,4.9
11,314,0.342,穷人,12346.0,9083.1,0.7357,1,1,17.2,5.97,0,10.2
11,315,0.342,穷人,8751.6,2092.3,0.2391,0,0,28.8,2.14,0,8.3
11,316,0.342,穷人,8809.0,149.3,0.0169,0,0,25.1,1.24,0,12.8
11,317,0.342,穷人,19949.6,16893.2,0.8468,1,1,8.9,5.08,1,14.5
12,318,0.531,富人,17263.9,888.2,0.0514,0,0,24.6,1.1,0,10.5
12,319,0.531,富人,14033.9,8063.4,0.5746,1,0,15.8,3.7,0,20.6
12,320,0.531,富人,36981.4,29861.3,0.8075,1,1,18.5,5.98,1,6.9
12,321,0.531,富人,36986.1,986.4,0.0267,0,0,29.3,2.09,0,7.6
12,322,0.531,富人,22566.6,3937.9,0.1745,0,0,26.6,1.94,0,14.8
12,323,0.531,富人,27187.4,641.4,0.0236,0,0,24.2,1.12,0,22.7
12,324,0.531,富人,28048.3,19262.3,0.6868,1,1,11.4,5.52,1,6.7
12,325,0.531,富人,34481.4,24320.0,0.7053,1,0,15.3,4.22,1,9.1
12,326,0.531,富人,27087.3,9452.0,0.3489,0,0,28.7,2.0,0,24.5
12,327,0.531,富人,49890.3,4292.5,0.086,0,0,29.5,1.0,0,45.5
12,328,0.531,富人,30889.7,28671.4,0.9282,1,0,12.5,5.5,1,7.7
12,329,0.531,富人,18663.7,18348.1,0.9831,1,0,4.6,5.48,1,5.1
12,330,0.531,富人,41335.8,2068.3,0.05,0,0,28.1,1.05,0,8.8
12,331,0.531,富人,36873.1,30119.7,0.8168,1,0,4.2,5.45,1,6.9
12,332,0.531,富人,15828.1,14845.4,0.9379,1,1,15.7,8.56,1,9.4
12,333,0.531,富人,9863.4,5151.1,0.5222,0,0,28.8,3.98,0,7.7
12,334,0.531,富人,21277.2,5237.3,0.2461,0,0,25.7,1.07,0,13.0
12,335,0.531,富人,35728.4,1256.9,0.0352,0,0,28.5,2.09,0,9.0
12,336,0.531,富人,19024.7,1276.4,0.0671,0,0,28.2,1.05,1,7.2
12,337,0.531,富人,122357.7,104100.1,0.8508,1,0,2.0,5.58,1,4.2
12,338,0.531,富人,64069.8,17668.0,0.2758,0,0,26.8,1.56,0,41.4
12,339,0.531,富人,68524.5,43397.0,0.6333,1,1,19.2,4.94,1,7.8
12,340,0.531,富人,68125.7,12852.1,0.1887,0,0,27.7,2.42,1,9.7
12,341,0.531,富人,38272.6,30596.3,0.7994,1,0,11.4,3.8,0,15.2
12,342,0.531,富人,33651.7,26059.4,0.7744,1,1,17.5,4.4,0,10.9
12,343,0.531,富人,29291.1,3385.9,0.1156,0,0,29.4,1.46,0,9.7
12,344,0.531,富人,53629.5,14548.0,0.2713,0,0,28.5,3.09,1,19.7
12,345,0.531,富人,19900.9,10839.6,0.5447,1,1,4.1,3.61,0,14.3
12,346,0.531,富人,23601.7,20868.1,0.8842,1,0,7.3,5.57,1,16.1
12,347,0.531,富人,19394.3,16119.9,0.8312,1,1,18.2,6.32,1,5.1
12,348,0.531,富人,20040.5,1470.7,0.0734,0,0,26.3,1.22,0,16.5
12,349,0.531,富人,104423.7,54319.2,0.5202,1,1,0.1,4.61,0,12.5
12,350,0.531,富人,21503.3,10420.1,0.4846,0,0,25.4,2.82,1,22.2
12,351,0.531,富人,39514.3,751.3,0.019,0,0,25.8,2.38,0,14.8
12,352,0.531,富人,22441.3,1544.6,0.0688,0,0,27.3,1.3,1,9.2
12,353,0.531,富人,7693.3,1861.6,0.242,0,0,24.3,1.0,0,22.2
12,354,0.531,富人,23948.1,20427.5,0.853,1,1,5.7,3.64,0,10.7
12,355,0.531,富人,27415.8,22776.3,0.8308,1,0,11.0,2.93,0,10.3
12,356,0.531,富人,13447.9,2484.9,0.1848,0,0,27.1,1.67,0,6.3
13,357,0.836,穷人,13539.4,782.0,0.0578,0,0,26.7,1.0,0,7.7
13,358,0.836,穷人,11788.0,749.0,0.0635,0,0,27.1,1.0,0,6.2
13,359,0.836,穷人,28593.3,5995.2,0.2097,0,0,26.5,1.53,0,28.3
13,360,0.836,穷人,24287.8,802.7,0.033,0,0,25.9,1.0,0,6.9
13,361,0.836,穷人,11755.0,9365.8,0.7968,1,1,23.8,3.33,0,7.6
13,362,0.836,穷人,14821.1,1654.6,0.1116,0,0,24.0,1.0,0,14.6
13,363,0.836,穷人,7652.1,166.3,0.0217,0,0,25.6,1.0,0,16.2
13,364,0.836,穷人,15259.2,2886.3,0.1891,0,0,25.0,1.0,0,9.7
13,365,0.836,穷人,14511.3,5654.4,0.3897,0,0,29.1,1.2,0,17.6
13,366,0.836,穷人,13812.7,2224.1,0.161,0,0,28.4,1.78,0,12.1
13,367,0.836,穷人,34879.4,1844.6,0.0529,0,0,29.9,1.0,0,11.3
13,368,0.836,穷人,4969.6,175.5,0.0353,0,0,28.1,1.0,0,19.7
13,369,0.836,穷人,10368.2,8775.6,0.8464,1,0,21.6,3.14,1,7.5
13,370,0.836,穷人,14690.3,2671.9,0.1819,0,0,24.3,1.0,0,22.9
13,371,0.836,穷人,14443.6,8422.2,0.5831,1,1,22.0,2.19,0,15.9
13,372,0.836,穷人,3992.8,1572.0,0.3937,0,0,24.6,1.11,0,10.4
13,373,0.836,穷人,8029.3,2470.4,0.3077,0,0,26.0,1.42,0,12.4
13,374,0.836,穷人,17861.7,2344.9,0.1313,0,0,24.8,1.0,0,18.2
13,375,0.836,穷人,11411.4,1283.8,0.1125,0,0,25.5,1.0,0,21.3
13,376,0.836,穷人,9818.9,1430.6,0.1457,0,0,26.7,1.0,0,11.6
13,377,0.836,穷人,20191.8,14192.6,0.7029,1,0,4.7,3.04,0,18.6
13,378,0.836,穷人,12461.6,9937.8,0.7975,1,1,19.3,2.76,0,35.9
13,379,0.836,穷人,9417.4,1841.8,0.1956,0,0,28.1,2.69,1,13.1
13,380,0.836,穷人,12637.2,11602.9,0.9182,1,1,14.8,3.37,0,7.8
13,381,0.836,穷人,5986.4,279.9,0.0468,0,0,29.9,1.0,0,22.6
13,382,0.836,穷人,11998.5,808.3,0.0674,0,0,27.4,1.0,0,18.0
13,383,0.836,穷人,9275.1,1004.9,0.1083,0,0,24.5,1.0,0,19.3
13,384,0.836,穷人,7999.5,1413.3,0.1767,0,0,28.5,1.0,0,11.7
13,385,0.836,穷人,16964.1,12802.2,0.7547,1,1,20.2,2.65,0,9.8
13,386,0.836,穷人,8358.9,7686.4,0.9195,1,1,13.9,5.09,1,5.5
13,387,0.836,穷人,11285.9,1667.8,0.1478,0,0,27.3,1.02,0,16.6
13,388,0.836,穷人,18753.2,3859.1,0.2058,0,0,29.5,1.0,0,9.4
13,389,0.836,穷人,8551.1,1706.6,0.1996,0,0,24.9,1.0,0,12.2
13,390,0.836,穷人,14075.4,1141.8,0.0811,0,0,28.7,1.0,0,4.7
14,391,0.458,富人,27803.3,16591.6,0.5968,1,1,12.1,4.58,0,8.4
14,392,0.458,富人,40838.4,2394.7,0.0586,0,0,26.6,1.92,0,34.5
14,393,0.458,富人,24357.6,6029.8,0.2476,0,0,24.9,4.48,0,17.4
14,394,0.458,富人,43770.5,7015.1,0.1603,0,0,25.7,1.0,0,12.9
14,395,0.458,富人,53901.5,1485.1,0.0276,0,0,25.7,2.63,0,13.9
14,396,0.458,富人,13792.5,1394.6,0.1011,0,0,26.8,1.0,0,25.8
14,397,0.458,富人,20691.5,4934.8,0.2385,0,0,25.7,2.5,0,22.1
14,398,0.458,富人,26602.2,24563.2,0.9234,1,1,6.0,5.47,0,7.7
14,399,0.458,富人,8530.6,1390.6,0.163,0,0,29.9,1.45,0,21.0
14,400,0.458,富人,23757.6,4265.6,0.1795,0,0,29.9,1.0,0,6.5
14,401,0.458,富人,22593.6,14312.9,0.6335,1,1,5.7,3.53,1,18.3
14,402,0.458,富人,60314.6,46603.7,0.7727,1,0,9.9,3.13,0,6.1
14,403,0.458,富人,23852.9,1956.4,0.082,0,0,26.0,2.19,0,8.9
14,404,0.458,富人,28748.8,22066.2,0.7676,1,1,4.0,4.29,0,13.4
14,405,0.458,富人,48036.0,39835.3,0.8293,1,1,15.6,5.07,0,7.3
14,406,0.458,富人,71218.8,2053.9,0.0288,0,0,26.9,1.58,0,16.7
14,407,0.458,富人,26862.9,3196.0,0.119,0,0,25.9,2.87,0,10.1
15,408,0.721,富人,29568.3,19370.9,0.6551,1,1,18.3,3.67,0,9.8
15,409,0.721,富人,77378.5,17627.9,0.2278,0,0,26.5,1.89,0,33.6
15,410,0.721,富人,64957.1,60781.5,0.9357,1,1,7.2,5.05,1,5.5
15,411,0.721,富人,42743.1,12101.0,0.2831,0,0,26.7,2.09,0,5.6
15,412,0.721,富人,92370.4,9792.7,0.106,0,0,26.5,1.0,0,11.4
15,413,0.721,富人,31886.5,2917.6,0.0915,0,0,26.1,1.0,0,3.7
15,414,0.721,富人,36021.9,3492.9,0.097,0,0,24.1,1.19,0,37.5
15,415,0.721,富人,19859.5,17167.4,0.8644,1,1,22.5,4.35,1,12.2
15,416,0.721,富人,89876.2,23504.5,0.2615,0,0,27.3,1.0,0,16.4
15,417,0.721,富人,18129.8,14055.9,0.7753,1,1,21.0,2.92,0,15.5
15,418,0.721,富人,36612.9,22528.0,0.6153,1,0,20.0,2.69,0,3.6
15,419,0.721,富人,43793.5,30577.8,0.6982,1,1,7.8,3.78,0,16.2
15,420,0.721,富人,29643.7,1419.9,0.0479,0,0,26.2,1.0,0,22.9
15,421,0.721,富人,25087.4,5654.1,0.2254,0,0,24.0,1.0,0,12.7
15,422,0.721,富人,37265.3,3603.9,0.0967,0,0,27.2,1.0,0,5.0
15,423,0.721,富人,80358.0,21139.5,0.2631,0,0,26.1,1.0,0,17.9
15,424,0.721,富人,49103.0,40322.5,0.8212,1,1,1.8,4.79,1,6.0
16,425,0.406,富人,12026.0,2694.9,0.2241,0,0,25.8,2.33,0,43.7
16,426,0.406,富人,16128.4,8908.7,0.5524,1,1,5.7,3.69,0,10.1
16,427,0.406,富人,41021.3,26881.5,0.6553,1,1,3.3,5.25,1,10.5
16,428,0.406,富人,31549.6,3300.6,0.1046,0,0,26.9,2.01,0,14.6
16,429,0.406,富人,16229.9,2294.0,0.1413,0,0,27.9,2.05,0,17.7
16,430,0.406,富人,25522.7,24026.6,0.9414,1,1,21.0,5.06,0,18.1
16,431,0.406,富人,27080.6,9322.1,0.3442,0,0,25.8,2.62,0,13.1
16,432,0.406,富人,11712.9,10257.4,0.8757,1,1,20.7,6.15,1,5.7
16,433,0.406,富人,21969.2,5189.9,0.2362,0,0,28.4,1.0,0,14.0
16,434,0.406,富人,27457.2,4082.1,0.1487,0,0,27.8,1.74,0,15.0
16,435,0.406,富人,38692.9,5387.9,0.1392,0,0,24.2,1.0,0,16.5
16,436,0.406,富人,21366.3,763.8,0.0357,0,0,25.0,1.0,0,17.6
16,437,0.406,富人,44387.2,4479.5,0.1009,0,0,27.5,2.57,0,21.4
16,438,0.406,富人,8692.4,1242.2,0.1429,0,0,27.9,1.5,0,22.2
16,439,0.406,富人,10989.5,4264.6,0.3881,0,0,29.4,2.6,0,20.6
17,440,0.292,中产,28934.6,3163.2,0.1093,0,0,28.1,1.0,0,29.7
17,441,0.292,中产,50279.2,9056.7,0.1801,0,0,28.7,1.0,0,22.9
17,442,0.292,中产,24292.1,1791.2,0.0737,0,0,26.5,1.0,0,25.3
17,443,0.292,中产,12432.1,8866.6,0.7132,1,1,8.5,5.17,1,4.7
17,444,0.292,中产,31088.2,27689.1,0.8907,1,1,23.0,4.63,1,30.7
17,445,0.292,中产,19169.6,920.6,0.048,0,0,28.9,1.0,0,26.4
17,446,0.292,中产,44663.5,27452.9,0.6147,1,0,22.7,1.91,0,13.9
17,447,0.292,中产,34308.4,8837.3,0.2576,0,0,27.2,1.0,0,14.7
17,448,0.292,中产,47874.5,2149.1,0.0449,0,0,25.2,1.0,0,25.3
17,449,0.292,中产,9542.7,6747.9,0.7071,1,1,2.3,3.67,0,8.3
17,450,0.292,中产,8846.3,7754.1,0.8765,1,1,0.0,3.52,0,4.5
17,451,0.292,中产,17414.9,1771.5,0.1017,0,0,28.0,1.0,0,11.1
17,452,0.292,中产,53553.2,45446.5,0.8486,1,1,2.7,4.12,0,8.9
17,453,0.292,中产,15508.7,4784.7,0.3085,0,0,24.7,2.2,0,12.2
17,454,0.292,中产,10314.1,10014.2,0.9709,1,1,7.4,5.17,1,10.4
17,455,0.292,中产,36498.9,28264.4,0.7744,1,0,14.6,3.36,0,12.4
17,456,0.292,中产,9400.2,2221.6,0.2363,0,0,27.7,1.88,0,22.8
17,457,0.292,中产,15435.0,13240.5,0.8578,1,1,16.1,3.6,1,19.4
17,458,0.292,中产,71118.0,47987.6,0.6748,1,1,21.1,3.02,0,16.4
17,459,0.292,中产,17964.7,2618.6,0.1458,0,0,28.5,1.0,0,15.8
17,460,0.292,中产,15991.7,1811.2,0.1133,0,0,28.7,1.0,0,13.4
18,461,0.405,富人,15992.7,546.4,0.0342,0,0,24.4,1.9,0,11.1
18,462,0.405,富人,40214.3,7638.1,0.1899,0,0,28.3,2.7,0,10.2
18,463,0.405,富人,30567.1,18514.3,0.6057,1,1,15.4,4.05,0,9.6
18,464,0.405,富人,21829.8,2866.0,0.1313,0,0,26.5,1.23,0,8.4
18,465,0.405,富人,19385.8,17069.4,0.8805,1,0,9.0,5.23,0,14.6
18,466,0.405,富人,12005.6,8916.0,0.7426,1,1,6.9,4.19,1,6.9
18,467,0.405,富人,50367.2,31169.9,0.6189,1,1,16.7,4.08,1,11.5
18,468,0.405,富人,37498.7,1526.0,0.0407,0,0,29.4,1.72,0,7.8
18,469,0.405,富人,29105.4,24532.1,0.8429,1,1,1.7,5.22,1,7.0
18,470,0.405,富人,33398.4,8435.7,0.2526,0,0,24.7,2.47,0,7.0
18,471,0.405,富人,19031.7,5408.5,0.2842,0,0,29.4,2.91,0,17.8
18,472,0.405,富人,59435.9,12237.8,0.2059,0,0,29.0,2.34,0,8.1
18,473,0.405,富人,21732.4,1625.8,0.0748,0,0,27.9,1.75,0,17.3
18,474,0.405,富人,39913.3,29169.0,0.7308,1,0,16.0,5.42,0,6.9
18,475,0.405,富人,14201.5,1593.6,0.1122,0,0,29.7,1.24,0,21.3
18,476,0.405,富人,23940.2,17057.6,0.7125,1,1,5.8,5.42,1,13.3
18,477,0.405,富人,38528.9,7399.6,0.1921,0,0,26.1,1.0,0,23.3
18,478,0.405,富人,30109.2,23157.8,0.7691,1,1,2.1,3.57,0,20.7
18,479,0.405,富人,9182.5,466.4,0.0508,0,0,26.8,1.0,0,11.1
18,480,0.405,富人,27289.6,20074.6,0.7356,1,1,9.9,4.75,0,8.4
18,481,0.405,富人,36619.4,2833.7,0.0774,0,0,27.1,1.73,0,11.0
18,482,0.405,富人,11274.5,1874.9,0.1663,0,0,28.2,1.62,0,6.0
18,483,0.405,富人,75913.7,45488.6,0.5992,1,0,7.2,5.16,1,8.8
18,484,0.405,富人,23850.4,10010.5,0.4197,1,1,6.5,3.37,0,15.2
18,485,0.405,富人,33450.3,6505.1,0.1945,0,0,24.1,1.0,0,11.6
18,486,0.405,富人,56364.8,7506.0,0.1332,0,0,27.9,1.97,0,10.7
19,487,0.613,中产,7963.7,957.8,0.1203,0,0,24.9,1.0,0,6.0
19,488,0.613,中产,35054.1,27330.4,0.7797,1,0,11.8,2.17,1,13.0
19,489,0.613,中产,22399.9,6922.0,0.309,0,0,24.2,1.0,0,2.6
19,490,0.613,中产,75408.5,5750.2,0.0763,0,0,26.8,1.0,0,15.7
19,491,0.613,中产,36541.3,16503.9,0.4517,1,1,14.3,3.5,0,10.4
19,492,0.613,中产,7054.8,3485.1,0.494,1,1,19.7,2.89,0,13.3
19,493,0.613,中产,13608.0,300.5,0.0221,0,0,26.4,1.0,0,7.3
19,494,0.613,中产,27025.9,3330.6,0.1232,0,0,28.0,1.0,0,18.4
19,495,0.613,中产,25018.4,4729.9,0.1891,0,0,24.5,1.46,0,7.4
19,496,0.613,中产,19373.7,8504.3,0.439,1,0,14.9,2.3,0,15.3
19,497,0.613,中产,10906.9,1001.5,0.0918,0,0,27.0,1.0,0,29.9
19,498,0.613,中产,27544.4,8042.0,0.292,0,0,24.6,2.22,0,9.1
19,499,0.613,中产,15048.2,1204.7,0.0801,0,0,26.7,1.8,0,11.2
19,500,0.613,中产,23706.6,9973.1,0.4207,1,0,16.9,2.83,1,13.3
19,501,0.613,中产,8236.2,4612.4,0.56,1,0,3.2,2.75,0,19.6
19,502,0.613,中产,45074.3,40582.1,0.9003,1,1,23.9,6.33,0,5.2
19,503,0.613,中产,25073.6,20213.0,0.8061,1,0,9.3,3.28,0,29.3
19,504,0.613,中产,15368.9,511.4,0.0333,0,0,24.2,1.0,0,19.0
19,505,0.613,中产,21424.9,3094.8,0.1444,0,0,29.2,2.36,0,7.3
19,506,0.613,中产,9993.0,8186.2,0.8192,1,0,15.0,3.57,0,6.6
19,507,0.613,中产,9054.2,8735.7,0.9648,1,0,5.8,2.25,0,21.1
19,508,0.613,中产,10412.7,9058.7,0.87,1,1,15.3,4.93,1,5.3
19,509,0.613,中产,28346.3,10613.3,0.3744,0,0,26.2,1.52,0,9.6
19,510,0.613,中产,16864.0,14328.7,0.8497,1,1,0.0,5.54,1,5.3
19,511,0.613,中产,12729.4,783.4,0.0615,0,0,25.7,1.0,0,11.4
19,512,0.613,中产,19781.5,10302.1,0.5208,1,1,3.8,2.36,0,15.2
19,513,0.613,中产,7740.9,735.1,0.095,0,0,28.3,1.31,0,13.2
19,514,0.613,中产,22708.9,18675.5,0.8224,1,1,8.2,5.2,0,7.1
19,515,0.613,中产,16754.6,2694.5,0.1608,0,0,26.6,1.11,0,4.8
19,516,0.613,中产,21849.6,6783.1,0.3104,0,0,28.0,1.17,0,21.2
20,517,0.529,富人,152478.6,81855.8,0.5368,1,1,1.1,2.82,0,9.1
20,518,0.529,富人,33332.4,10472.5,0.3142,0,0,26.4,1.0,0,11.2
20,519,0.529,富人,25148.8,19464.9,0.774,1,1,10.5,2.95,0,6.7
20,520,0.529,富人,68333.7,35546.9,0.5202,1,1,21.8,2.04,0,16.8
20,521,0.529,富人,21897.5,11899.3,0.5434,1,1,4.3,3.44,1,9.3
20,522,0.529,富人,56025.0,40918.5,0.7304,1,0,10.3,2.57,0,15.8
20,523,0.529,富人,47082.2,22803.6,0.4843,0,0,24.3,1.34,0,18.0
20,524,0.529,富人,101329.8,76687.7,0.7568,1,1,0.6,4.57,1,4.5
20,525,0.529,富人,67773.5,18845.4,0.2781,0,0,29.0,1.71,0,14.1
20,526,0.529,富人,22464.7,12262.3,0.5458,1,0,19.1,2.63,0,10.4
20,527,0.529,富人,28236.7,8169.9,0.2893,0,0,24.5,1.0,0,35.2
20,528,0.529,富人,148917.9,9635.1,0.0647,0,0,27.0,1.0,0,32.6
20,529,0.529,富人,58868.3,32192.2,0.5469,0,0,27.5,1.0,0,9.9
20,530,0.529,富人,43277.1,1265.1,0.0292,0,0,28.3,1.0,0,16.3
20,531,0.529,富人,44111.1,3335.2,0.0756,0,0,29.5,1.0,0,22.3
20,532,0.529,富人,59123.3,2453.7,0.0415,0,0,27.8,1.0,0,14.1
20,533,0.529,富人,15938.4,12953.0,0.8127,1,0,23.4,2.91,0,14.5
20,534,0.529,富人,66941.4,44274.1,0.6614,1,0,18.1,2.7,0,13.5
20,535,0.529,富人,35459.2,30153.7,0.8504,1,1,14.4,4.08,0,9.4
20,536,0.529,富人,38264.0,1094.7,0.0286,0,0,25.2,1.0,0,27.3
20,537,0.529,富人,25413.3,9124.7,0.3591,0,0,27.2,2.01,0,22.3
20,538,0.529,富人,21135.5,935.8,0.0443,0,0,24.5,1.0,0,8.2
20,539,0.529,富人,54839.4,5451.5,0.0994,0,0,27.6,1.0,0,13.7
21,540,0.693,穷人,16402.9,891.0,0.0543,0,0,28.6,1.07,0,11.1
21,541,0.693,穷人,14908.8,14210.9,0.9532,1,1,5.4,6.85,1,3.7
21,542,0.693,穷人,5298.7,1880.1,0.3548,0,0,26.4,1.18,0,7.0
21,543,0.693,穷人,8587.2,4777.4,0.5563,1,0,20.8,3.66,0,5.8
21,544,0.693,穷人,5252.6,2123.5,0.4043,1,1,3.9,5.12,0,8.5
21,545,0.693,穷人,5265.7,77.0,0.0146,0,0,29.3,2.74,0,8.7
21,546,0.693,穷人,8878.3,5724.7,0.6448,1,1,3.6,4.92,1,23.6
21,547,0.693,穷人,4316.7,2884.7,0.6683,1,1,24.0,5.83,1,5.7
21,548,0.693,穷人,6240.6,5518.3,0.8842,1,1,3.0,6.21,1,6.3
21,549,0.693,穷人,4111.8,699.8,0.1702,0,0,28.3,2.71,0,37.6
21,550,0.693,穷人,14903.2,1105.1,0.0741,0,0,29.3,2.19,0,12.2
21,551,0.693,穷人,12318.0,6517.7,0.5291,1,1,21.6,3.52,0,9.6
21,552,0.693,穷人,5263.7,257.6,0.0489,0,0,29.8,1.02,0,8.8
21,553,0.693,穷人,13824.8,12198.1,0.8823,1,0,6.1,5.27,0,12.2
21,554,0.693,穷人,3095.8,53.6,0.0173,0,0,24.1,1.9,0,16.8
21,555,0.693,穷人,6914.7,1180.4,0.1707,0,0,28.3,2.26,0,14.1
21,556,0.693,穷人,17170.7,1335.7,0.0778,0,0,28.9,2.15,0,13.8
21,557,0.693,穷人,4102.8,2812.9,0.6856,1,1,1.5,4.79,0,4.7
21,558,0.693,穷人,9151.3,7747.7,0.8466,1,1,4.9,4.74,1,8.6
21,559,0.693,穷人,1728.0,1470.1,0.8508,1,0,12.6,5.49,1,7.0
21,560,0.693,穷人,3855.4,1200.2,0.3113,0,0,29.1,2.57,0,20.8
21,561,0.693,穷人,8012.5,1086.8,0.1356,0,0,26.6,2.17,0,14.7
21,562,0.693,穷人,4143.8,233.9,0.0564,0,0,28.9,1.0,0,9.4
21,563,0.693,穷人,7837.5,1434.1,0.183,0,0,28.9,2.32,0,16.6
21,564,0.693,穷人,13103.8,7859.7,0.5998,1,0,11.0,5.33,1,6.6
21,565,0.693,穷人,5049.7,719.3,0.1424,0,0,27.8,2.02,0,3.4
21,566,0.693,穷人,3442.1,136.6,0.0397,0,0,26.5,1.85,0,11.3
21,567,0.693,穷人,5533.4,85.1,0.0154,0,0,24.6,2.21,0,11.5
21,568,0.693,穷人,2900.2,1022.8,0.3527,0,0,24.6,2.52,0,6.1
21,569,0.693,穷人,8199.2,573.0,0.0699,0,0,26.6,1.58,0,10.4
21,570,0.693,穷人,6252.0,1543.2,0.2468,0,0,25.9,1.9,0,8.5
21,571,0.693,穷人,13063.5,1109.3,0.0849,0,0,27.1,1.0,0,19.9
21,572,0.693,穷人,4192.1,157.2,0.0375,0,0,27.9,2.26,0,24.0
21,573,0.693,穷人,4289.6,80.4,0.0187,0,0,27.8,1.18,0,12.8
21,574,0.693,穷人,4435.2,777.4,0.1753,0,0,29.3,2.2,0,15.3
21,575,0.693,穷人,9574.1,1996.5,0.2085,0,0,27.0,1.75,0,14.9
21,576,0.693,穷人,3424.6,3122.8,0.9119,1,1,13.4,6.95,1,8.9
22,577,0.323,中产,5877.0,2521.3,0.429,0,0,25.0,2.23,1,13.1
22,578,0.323,中产,10082.2,2823.7,0.2801,0,0,24.5,1.56,0,11.8
22,579,0.323,中产,24195.6,6507.0,0.2689,0,0,26.0,1.83,0,8.2
22,580,0.323,中产,42661.7,38853.5,0.9107,1,1,12.4,4.64,1,7.7
22,581,0.323,中产,30788.1,7002.5,0.2274,0,0,24.2,1.94,0,21.1
22,582,0.323,中产,42829.0,36677.9,0.8564,1,0,6.3,4.31,0,9.7
22,583,0.323,中产,43247.3,28976.5,0.67,1,0,14.4,3.87,0,17.6
22,584,0.323,中产,16395.6,333.3,0.0203,0,0,29.9,2.23,0,7.0
22,585,0.323,中产,42150.8,12766.7,0.3029,0,0,25.7,2.39,0,13.6
22,586,0.323,中产,13954.4,9645.4,0.6912,1,0,23.4,3.73,0,24.8
22,587,0.323,中产,29594.6,3020.7,0.1021,0,0,25.6,3.12,0,6.3
22,588,0.323,中产,23765.4,4152.6,0.1747,0,0,29.3,1.19,0,31.6
22,589,0.323,中产,34822.0,1364.6,0.0392,0,0,29.5,1.0,0,10.7
22,590,0.323,中产,27220.3,21766.7,0.7996,1,1,8.7,5.34,1,5.8
22,591,0.323,中产,32708.7,28460.9,0.8701,1,0,6.6,5.34,0,5.9
22,592,0.323,中产,17944.9,3026.6,0.1687,0,0,29.4,1.9,0,8.5
22,593,0.323,中产,71147.8,19115.4,0.2687,0,0,27.6,1.72,0,15.8
22,594,0.323,中产,30252.2,4394.6,0.1453,0,0,24.0,2.84,0,8.9
22,595,0.323,中产,27194.5,21765.3,0.8004,1,0,11.6,5.45,1,6.2
22,596,0.323,中产,54040.0,36035.1,0.6668,1,1,4.0,6.43,1,3.0
22,597,0.323,中产,44043.6,4891.8,0.1111,0,0,29.8,2.17,0,13.2
22,598,0.323,中产,34904.0,2952.1,0.0846,0,0,24.8,1.19,0,6.2
22,599,0.323,中产,15162.7,1224.1,0.0807,0,0,26.3,1.0,0,8.6
23,600,0.695,穷人,2386.2,255.0,0.1069,0,0,25.4,1.0,0,28.7
23,601,0.695,穷人,3521.2,259.7,0.0738,0,0,28.5,1.0,0,10.8
23,602,0.695,穷人,8245.8,145.3,0.0176,0,0,26.9,1.0,0,7.1
23,603,0.695,穷人,4847.9,858.5,0.1771,0,0,27.8,1.0,0,21.9
23,604,0.695,穷人,5859.2,2017.2,0.3443,0,0,26.3,1.48,0,5.2
23,605,0.695,穷人,3904.5,301.2,0.0771,0,0,25.9,2.07,0,35.3
23,606,0.695,穷人,9673.4,1069.9,0.1106,0,0,24.8,1.0,0,34.5
23,607,0.695,穷人,4789.3,989.7,0.2066,0,0,26.0,3.2,0,25.6
23,608,0.695,穷人,2711.5,287.8,0.1062,0,0,25.2,2.32,0,7.5
23,609,0.695,穷人,2846.1,130.8,0.046,0,0,27.2,1.0,0,14.8
23,610,0.695,穷人,8301.2,734.2,0.0884,0,0,29.5,1.0,0,13.1
23,611,0.695,穷人,3462.7,66.0,0.0191,0,0,25.0,1.0,0,12.0
23,612,0.695,穷人,5988.3,2134.8,0.3565,0,0,28.2,1.76,0,20.9
23,613,0.695,穷人,5605.7,1610.0,0.2872,0,0,27.7,1.34,0,11.8
23,614,0.695,穷人,4149.2,548.6,0.1322,0,0,25.2,1.2,0,39.8
23,615,0.695,穷人,4235.5,3339.2,0.7884,1,1,7.3,5.8,1,10.2
23,616,0.695,穷人,1850.1,127.9,0.0692,0,0,27.4,1.0,0,32.1
23,617,0.695,穷人,7112.7,880.2,0.1238,0,0,29.1,1.12,0,19.5
23,618,0.695,穷人,4474.3,513.7,0.1148,0,0,27.3,1.76,1,10.1
23,619,0.695,穷人,3734.2,733.0,0.1963,0,0,24.1,1.0,0,7.6
23,620,0.695,穷人,5320.6,1247.3,0.2344,0,0,24.9,2.18,0,17.1
23,621,0.695,穷人,6723.2,917.5,0.1365,0,0,29.0,1.26,0,15.9
23,622,0.695,穷人,2750.9,61.8,0.0225,0,0,29.3,1.11,0,11.9
23,623,0.695,穷人,3379.7,2435.9,0.7207,1,1,14.8,3.89,0,8.4
23,624,0.695,穷人,39448.2,1345.1,0.0341,0,0,29.6,1.0,0,19.3
23,625,0.695,穷人,9800.9,544.7,0.0556,0,0,27.9,2.35,0,15.6
23,626,0.695,穷人,5935.9,742.5,0.1251,0,0,24.3,1.1,0,15.8
23,627,0.695,穷人,2406.9,281.6,0.117,0,0,27.5,2.3,0,13.1
24,628,0.386,穷人,11214.1,9279.5,0.8275,1,0,4.4,5.86,1,4.1
24,629,0.386,穷人,5485.8,296.6,0.0541,0,0,27.3,3.36,1,7.4
24,630,0.386,穷人,12749.3,2493.9,0.1956,0,0,24.7,2.05,0,9.9
24,631,0.386,穷人,7921.7,5968.5,0.7534,1,0,21.6,3.87,0,7.2
24,632,0.386,穷人,11428.9,10284.3,0.8999,1,0,14.1,6.14,1,5.1
24,633,0.386,穷人,14632.2,8141.4,0.5564,1,0,2.3,6.08,1,3.8
24,634,0.386,穷人,9952.5,572.0,0.0575,0,0,29.6,3.08,0,10.1
24,635,0.386,穷人,4332.8,2468.1,0.5696,1,1,21.1,4.41,0,17.1
24,636,0.386,穷人,6010.7,4421.6,0.7356,1,1,14.5,6.12,0,7.6
24,637,0.386,穷人,4202.4,1882.1,0.4479,0,0,29.4,2.58,0,13.8
24,638,0.386,穷人,3030.5,2531.9,0.8355,1,1,9.3,5.33,1,4.8
24,639,0.386,穷人,9096.4,855.4,0.094,0,0,28.7,1.97,0,13.8
24,640,0.386,穷人,5944.1,4921.4,0.8279,1,1,15.9,6.0,1,6.1
24,641,0.386,穷人,3730.5,1817.0,0.4871,1,1,13.1,6.14,1,3.6
24,642,0.386,穷人,15390.5,4455.5,0.2895,0,0,26.1,4.01,0,8.4
24,643,0.386,穷人,4161.7,3411.3,0.8197,1,1,9.4,6.98,1,7.1
24,644,0.386,穷人,17604.9,90.2,0.0051,0,0,27.9,2.35,0,19.2
24,645,0.386,穷人,5515.0,436.7,0.0792,0,0,25.8,2.06,0,19.4
24,646,0.386,穷人,11679.3,8101.8,0.6937,1,1,10.6,4.05,0,10.3
24,647,0.386,穷人,4806.0,406.7,0.0846,0,0,26.2,2.59,1,7.3
24,648,0.386,穷人,7248.8,5852.0,0.8073,1,0,9.1,4.69,1,19.4
24,649,0.386,穷人,3180.1,92.8,0.0292,0,0,28.2,2.94,0,20.6
24,650,0.386,穷人,2706.3,289.3,0.1069,0,0,24.4,2.65,0,14.8
24,651,0.386,穷人,8755.8,1566.6,0.1789,0,0,28.1,2.09,0,20.4
24,652,0.386,穷人,4294.5,1260.2,0.2934,0,0,29.4,2.26,1,7.9
24,653,0.386,穷人,7242.8,736.7,0.1017,0,0,29.7,1.0,0,6.7
24,654,0.386,穷人,6357.8,2171.5,0.3415,0,0,26.3,3.35,0,8.2
24,655,0.386,穷人,8312.8,659.7,0.0794,0,0,24.9,2.57,0,9.9
24,656,0.386,穷人,16124.5,1602.3,0.0994,0,0,27.8,3.23,0,2.8
24,657,0.386,穷人,6112.6,1087.5,0.1779,0,0,29.5,1.59,0,5.7
24,658,0.386,穷人,4033.3,445.1,0.1103,0,0,26.2,3.24,0,12.1
24,659,0.386,穷人,8881.7,6571.8,0.7399,1,1,3.8,4.7,0,14.4
24,660,0.386,穷人,7140.8,1190.0,0.1667,0,0,26.6,2.93,0,10.0
24,661,0.386,穷人,18907.1,11236.0,0.5943,1,1,20.7,4.1,1,13.2
24,662,0.386,穷人,50185.4,41413.7,0.8252,1,1,8.0,5.5,1,8.2
24,663,0.386,穷人,6755.9,940.2,0.1392,0,0,28.9,3.1,0,11.4
24,664,0.386,穷人,19374.2,3684.8,0.1902,0,0,29.4,2.41,0,9.9
24,665,0.386,穷人,9074.2,6736.1,0.7423,1,0,6.7,5.07,0,7.9
24,666,0.386,穷人,17328.4,13433.9,0.7753,1,1,16.4,5.42,1,4.0
25,667,0.646,富人,32225.5,4257.5,0.1321,0,0,29.8,1.21,0,23.0
25,668,0.646,富人,66650.5,59196.3,0.8882,1,1,5.8,3.99,0,10.4
25,669,0.646,富人,44875.2,37549.9,0.8368,1,1,8.1,4.49,0,8.3
25,670,0.646,富人,51800.6,2460.4,0.0475,0,0,28.0,1.0,0,5.8
25,671,0.646,富人,45515.1,6555.6,0.144,0,0,24.9,1.0,0,22.4
25,672,0.646,富人,25729.3,8253.1,0.3208,0,0,28.3,1.58,0,6.7
25,673,0.646,富人,56550.0,52435.6,0.9272,1,1,5.2,5.3,0,5.5
25,674,0.646,富人,33957.8,9813.8,0.289,0,0,29.0,3.33,0,20.7
25,675,0.646,富人,39788.0,30759.7,0.7731,1,1,1.0,4.23,1,4.0
25,676,0.646,富人,36571.7,28102.7,0.7684,1,1,7.9,4.06,0,16.0
25,677,0.646,富人,101117.7,79129.4,0.7825,1,0,3.6,1.95,0,11.5
25,678,0.646,富人,164130.4,134483.2,0.8194,1,0,22.9,3.46,0,23.1
25,679,0.646,富人,112117.9,29023.4,0.2589,0,0,29.3,2.83,1,18.2
25,680,0.646,富人,29855.8,4315.9,0.1446,0,0,25.1,1.0,0,14.4
25,681,0.646,富人,80162.4,61578.6,0.7682,1,1,5.5,5.12,1,4.4
25,682,0.646,富人,37854.3,16973.8,0.4484,0,0,26.5,2.26,0,15.5
25,683,0.646,富人,41345.2,6489.1,0.1569,0,0,25.5,2.42,0,6.6
25,684,0.646,富人,66304.8,58062.9,0.8757,1,1,2.1,3.98,1,10.5
25,685,0.646,富人,70454.1,7648.9,0.1086,0,0,29.4,2.88,0,11.1
25,686,0.646,富人,46251.3,996.6,0.0215,0,0,28.0,1.0,0,19.9
25,687,0.646,富人,33377.6,18818.1,0.5638,1,1,22.8,2.81,0,16.0
25,688,0.646,富人,61286.4,55914.1,0.9123,1,0,23.2,2.24,0,17.5
25,689,0.646,富人,131978.8,87116.4,0.6601,1,1,6.3,4.68,0,7.2
25,690,0.646,富人,198060.2,20949.8,0.1058,0,0,26.2,1.0,0,13.0
25,691,0.646,富人,57605.7,4435.5,0.077,0,0,26.5,1.55,0,19.3
25,692,0.646,富人,83478.3,60964.5,0.7303,1,0,22.5,4.54,0,5.6
26,693,0.631,富人,33204.2,4829.2,0.1454,0,0,29.6,1.54,0,14.2
26,694,0.631,富人,29406.2,22596.2,0.7684,1,1,11.7,4.31,1,21.3
26,695,0.631,富人,20623.5,2195.8,0.1065,0,0,28.9,1.49,0,10.7
26,696,0.631,富人,110951.8,77856.0,0.7017,1,1,1.9,5.25,1,5.2
26,697,0.631,富人,64308.6,45021.5,0.7001,1,0,14.5,3.09,0,13.5
26,698,0.631,富人,58495.8,8824.8,0.1509,0,0,28.4,1.32,0,9.8
26,699,0.631,富人,12760.0,7788.0,0.6104,1,1,15.6,3.76,0,15.3
26,700,0.631,富人,65363.5,51923.6,0.7944,1,1,6.2,5.34,1,14.0
26,701,0.631,富人,17499.5,2299.2,0.1314,0,0,27.1,1.44,0,13.0
26,702,0.631,富人,11060.2,3011.8,0.2723,0,0,27.3,1.76,0,31.5
26,703,0.631,富人,43134.0,2574.0,0.0597,0,0,28.1,2.76,0,16.9
26,704,0.631,富人,21709.0,2331.2,0.1074,0,0,28.5,1.43,0,12.0
26,705,0.631,富人,44825.4,22373.8,0.4991,0,0,24.7,4.1,0,11.9
26,706,0.631,富人,50351.9,5617.7,0.1116,0,0,25.6,1.0,0,13.3
26,707,0.631,富人,14994.0,334.2,0.0223,0,0,28.0,2.2,0,30.3
26,708,0.631,富人,25924.0,663.9,0.0256,0,0,26.0,1.78,0,15.8
26,709,0.631,富人,44614.0,6301.3,0.1412,0,0,29.5,1.0,0,16.7
26,710,0.631,富人,110391.4,27785.4,0.2517,0,0,30.0,2.14,0,24.2
26,711,0.631,富人,75239.2,58324.7,0.7752,1,1,20.0,4.29,0,20.0
26,712,0.631,富人,32265.8,20324.3,0.6299,1,0,16.0,3.29,0,17.0
26,713,0.631,富人,94274.1,17504.1,0.1857,0,0,25.6,1.0,0,19.8
26,714,0.631,富人,182539.8,11908.0,0.0652,0,0,24.6,1.33,0,18.1
26,715,0.631,富人,32375.9,5044.7,0.1558,0,0,24.0,1.18,0,27.1
26,716,0.631,富人,37471.3,36437.2,0.9724,1,1,23.3,3.76,0,16.4
26,717,0.631,富人,30247.9,23187.7,0.7666,1,1,0.9,5.37,1,5.6
26,718,0.631,富人,25580.0,333.1,0.013,0,0,25.2,1.0,0,7.6
26,719,0.631,富人,23146.8,17242.2,0.7449,1,0,13.6,4.55,0,15.2
26,720,0.631,富人,19041.2,1918.7,0.1008,0,0,29.3,1.79,0,24.6
26,721,0.631,富人,50841.5,5061.3,0.0996,0,0,26.9,1.01,0,20.7
26,722,0.631,富人,153070.6,142147.3,0.9286,1,1,9.7,4.88,0,10.8
26,723,0.631,富人,19613.1,1208.0,0.0616,0,0,25.9,1.0,0,13.7
26,724,0.631,富人,19902.3,725.4,0.0364,0,0,28.2,2.68,1,23.2
26,725,0.631,富人,28225.2,787.7,0.0279,0,0,29.0,1.0,0,27.6
26,726,0.631,富人,33371.3,2935.6,0.088,0,0,25.8,1.32,0,7.6
26,727,0.631,富人,52661.5,1663.7,0.0316,0,0,29.8,1.0,0,22.9
26,728,0.631,富人,32020.2,20620.1,0.644,1,0,18.3,4.03,0,9.2
26,729,0.631,富人,31916.3,7288.7,0.2284,0,0,29.2,2.11,1,11.4
27,730,0.193,穷人,6729.6,5498.3,0.817,1,0,15.7,4.35,0,6.8
27,731,0.193,穷人,14951.8,282.7,0.0189,0,0,27.1,1.46,0,8.0
27,732,0.193,穷人,10840.8,5198.9,0.4796,1,1,19.5,3.94,1,15.6
27,733,0.193,穷人,16991.4,1774.4,0.1044,0,0,28.3,2.32,0,9.9
27,734,0.193,穷人,17636.3,5160.5,0.2926,0,0,24.0,1.42,1,11.1
27,735,0.193,穷人,10224.4,630.1,0.0616,0,0,29.2,1.96,0,10.9
27,736,0.193,穷人,13378.2,2234.9,0.1671,0,0,24.6,2.17,0,38.1
27,737,0.193,穷人,18278.8,12443.8,0.6808,1,0,15.4,3.9,1,7.5
27,738,0.193,穷人,22359.3,6304.6,0.282,0,0,25.1,2.03,1,6.5
27,739,0.193,穷人,32803.3,28001.6,0.8536,1,1,15.6,3.98,0,5.3
27,740,0.193,穷人,15357.8,13914.8,0.906,1,1,20.8,3.76,0,11.9
27,741,0.193,穷人,8119.8,1646.7,0.2028,0,0,28.8,1.44,0,8.8
27,742,0.193,穷人,17455.3,14201.3,0.8136,1,1,0.0,4.72,0,3.3
27,743,0.193,穷人,12564.6,8410.8,0.6694,1,0,1.8,4.42,0,6.7
27,744,0.193,穷人,11625.2,10299.2,0.8859,1,0,10.1,5.43,1,5.9
27,745,0.193,穷人,19448.2,18727.8,0.963,1,1,16.5,6.44,1,3.6
27,746,0.193,穷人,19723.7,3389.2,0.1718,0,0,29.4,2.05,0,25.5
27,747,0.193,穷人,12885.2,979.7,0.076,0,0,26.4,1.64,0,13.1
27,748,0.193,穷人,16026.6,2483.7,0.155,0,0,25.5,1.0,0,16.6
27,749,0.193,穷人,20366.4,7968.5,0.3913,0,0,26.9,3.22,0,16.1
27,750,0.193,穷人,11264.5,10482.7,0.9306,1,1,14.3,5.75,0,9.4
27,751,0.193,穷人,19147.4,544.4,0.0284,0,0,28.7,1.05,0,16.1
27,752,0.193,穷人,4996.4,1830.0,0.3663,0,0,24.2,2.38,0,14.3
27,753,0.193,穷人,28644.6,27320.3,0.9538,1,1,2.7,6.13,1,5.3
27,754,0.193,穷人,24032.2,20693.6,0.8611,1,1,17.3,4.14,1,9.0
27,755,0.193,穷人,5512.1,4466.5,0.8103,1,1,11.8,5.83,0,6.5
27,756,0.193,穷人,14101.6,1022.6,0.0725,0,0,27.2,2.81,0,45.5
27,757,0.193,穷人,11843.2,9371.4,0.7913,1,1,4.1,4.56,0,17.1
27,758,0.193,穷人,15974.0,597.4,0.0374,0,0,28.7,1.0,0,15.3
27,759,0.193,穷人,39750.6,26984.7,0.6788,1,1,16.0,4.4,0,7.6
27,760,0.193,穷人,24393.9,2877.1,0.1179,0,0,28.5,1.78,0,9.9
28,761,0.694,穷人,4061.1,66.3,0.0163,0,0,25.5,1.0,0,33.6
28,762,0.694,穷人,2603.7,116.7,0.0448,0,0,28.5,1.36,0,4.7
28,763,0.694,穷人,4897.5,645.4,0.1318,0,0,25.3,1.11,0,12.6
28,764,0.694,穷人,9791.8,491.2,0.0502,0,0,29.8,2.34,0,8.6
28,765,0.694,穷人,28595.5,2087.8,0.073,0,0,28.4,1.0,0,14.7
28,766,0.694,穷人,14348.3,2062.2,0.1437,0,0,27.4,1.0,0,29.3
28,767,0.694,穷人,8577.1,613.5,0.0715,0,0,27.6,1.12,0,10.0
28,768,0.694,穷人,13048.5,772.1,0.0592,0,0,27.6,1.0,0,12.7
28,769,0.694,穷人,7245.8,1277.9,0.1764,0,0,27.6,1.0,0,20.5
28,770,0.694,穷人,6169.5,713.2,0.1156,0,0,28.6,1.0,0,11.9
28,771,0.694,穷人,7863.4,722.0,0.0918,0,0,27.0,1.0,0,12.4
28,772,0.694,穷人,3416.2,309.2,0.0905,0,0,26.4,2.82,0,9.9
28,773,0.694,穷人,6152.4,295.3,0.048,0,0,29.7,1.54,0,12.2
28,774,0.694,穷人,15831.6,386.9,0.0244,0,0,26.6,1.0,0,19.4
28,775,0.694,穷人,5777.2,104.9,0.0182,0,0,26.6,1.0,0,29.6
28,776,0.694,穷人,17861.7,322.4,0.0181,0,0,28.9,1.58,0,10.3
28,777,0.694,穷人,9314.5,1376.0,0.1477,0,0,28.7,1.02,0,21.6
28,778,0.694,穷人,18808.6,3334.2,0.1773,0,0,26.8,1.0,0,29.4
28,779,0.694,穷人,9593.8,5325.1,0.5551,1,1,4.0,4.44,0,17.6
28,780,0.694,穷人,6252.1,1375.3,0.22,0,0,24.5,2.44,1,14.6
28,781,0.694,穷人,5681.5,483.0,0.085,0,0,28.5,1.0,0,8.2
28,782,0.694,穷人,9212.3,988.0,0.1072,0,0,29.6,1.0,0,33.8
28,783,0.694,穷人,3396.0,44.9,0.0132,0,0,28.2,1.0,0,26.0
28,784,0.694,穷人,10119.9,8611.2,0.8509,1,0,15.6,5.36,1,8.7
28,785,0.694,穷人,10303.2,8575.7,0.8323,1,1,19.8,4.48,1,4.5
28,786,0.694,穷人,12051.7,896.1,0.0744,0,0,27.4,1.12,0,20.5
28,787,0.694,穷人,2818.1,2423.4,0.86,1,1,23.8,4.34,0,3.7
28,788,0.694,穷人,4131.9,641.1,0.1552,0,0,24.2,1.0,0,27.0
28,789,0.694,穷人,10158.0,1198.7,0.118,0,0,28.1,1.82,0,30.5
28,790,0.694,穷人,10146.5,358.8,0.0354,0,0,24.2,1.57,0,29.5
28,791,0.694,穷人,18504.3,17011.5,0.9193,1,0,10.2,3.98,0,10.4
28,792,0.694,穷人,4183.5,3488.1,0.8338,1,0,12.5,3.5,0,6.4
29,793,0.47,穷人,3923.9,3329.8,0.8486,1,1,11.4,4.16,0,23.3
29,794,0.47,穷人,3098.1,49.4,0.0159,0,0,27.7,1.44,0,12.9
29,795,0.47,穷人,1433.7,242.9,0.1694,0,0,27.8,2.51,0,11.7
29,796,0.47,穷人,1827.4,47.7,0.0261,0,0,26.7,2.44,0,26.8
29,797,0.47,穷人,1367.1,769.8,0.5631,1,1,5.5,2.76,0,23.6
29,798,0.47,穷人,6025.8,133.0,0.0221,0,0,25.8,1.0,0,7.7
29,799,0.47,穷人,2440.4,1280.5,0.5247,1,0,10.2,3.61,1,13.8
29,800,0.47,穷人,1244.4,25.7,0.0206,0,0,26.8,1.75,0,17.9
29,801,0.47,穷人,3106.7,302.6,0.0974,0,0,25.0,1.0,0,21.0
29,802,0.47,穷人,541.7,417.5,0.7707,1,0,9.1,5.64,1,3.9
29,803,0.47,穷人,2937.5,1058.8,0.3604,0,0,28.1,3.67,1,16.1
29,804,0.47,穷人,6729.1,680.7,0.1012,0,0,29.5,2.11,0,17.4
29,805,0.47,穷人,5516.6,862.2,0.1563,0,0,26.2,1.96,0,25.4
29,806,0.47,穷人,4373.9,140.4,0.0321,0,0,29.0,2.06,0,10.8
29,807,0.47,穷人,2931.7,560.3,0.1911,0,0,24.9,1.0,0,18.4
29,808,0.47,穷人,3626.6,1342.9,0.3703,0,0,27.6,3.17,1,21.3
29,809,0.47,穷人,1855.2,1790.8,0.9653,1,1,2.5,3.84,0,8.4
29,810,0.47,穷人,2136.1,1788.9,0.8375,1,1,2.4,5.11,0,9.4
29,811,0.47,穷人,1956.1,42.6,0.0218,0,0,29.1,2.45,0,6.9
29,812,0.47,穷人,2359.6,1279.7,0.5423,1,0,8.1,4.01,0,13.9
29,813,0.47,穷人,1217.5,805.1,0.6613,1,1,1.2,5.53,1,1.4
29,814,0.47,穷人,2651.1,512.1,0.1931,0,0,25.9,1.19,0,14.3
29,815,0.47,穷人,3951.8,3341.9,0.8457,1,1,18.6,5.23,1,4.6
29,816,0.47,穷人,910.2,187.9,0.2064,0,0,25.7,2.52,0,14.1
29,817,0.47,穷人,3208.3,287.8,0.0897,0,0,29.3,1.91,0,10.3
29,818,0.47,穷人,5965.2,476.1,0.0798,0,0,26.9,1.43,0,8.5
29,819,0.47,穷人,2543.4,176.7,0.0695,0,0,27.3,2.66,0,5.8
29,820,0.47,穷人,2106.2,794.5,0.3772,0,0,27.2,1.97,0,10.7
29,821,0.47,穷人,850.3,111.3,0.1309,0,0,25.5,3.17,0,7.3
30,822,0.876,穷人,7979.5,208.7,0.0262,0,0,27.4,1.0,0,2.8
30,823,0.876,穷人,11543.5,6392.9,0.5538,1,1,10.9,2.67,0,10.4
30,824,0.876,穷人,11777.3,1761.8,0.1496,0,0,25.8,1.0,0,11.8
30,825,0.876,穷人,19516.9,6332.8,0.3245,0,0,28.0,2.29,0,15.1
30,826,0.876,穷人,9634.6,5797.3,0.6017,1,1,23.4,3.8,0,20.7
30,827,0.876,穷人,10725.3,2933.6,0.2735,0,0,26.2,2.16,0,18.5
30,828,0.876,穷人,15438.0,1765.1,0.1143,0,0,29.7,1.0,0,12.4
30,829,0.876,穷人,29195.0,1376.1,0.0471,0,0,29.9,1.0,0,29.5
30,830,0.876,穷人,16570.6,675.4,0.0408,0,0,28.3,1.09,0,8.3
30,831,0.876,穷人,18569.4,3813.5,0.2054,0,0,25.8,1.0,0,10.6
30,832,0.876,穷人,15440.6,14210.6,0.9203,1,1,6.3,4.2,0,11.2
30,833,0.876,穷人,10947.5,1652.5,0.151,0,0,24.5,1.0,0,33.7
30,834,0.876,穷人,23004.5,285.2,0.0124,0,0,24.9,1.0,0,5.5
30,835,0.876,穷人,15749.4,14069.5,0.8933,1,1,16.2,4.36,1,6.7
30,836,0.876,穷人,15120.5,891.3,0.0589,0,0,24.7,1.09,0,12.4
30,837,0.876,穷人,7125.8,5870.5,0.8238,1,1,1.5,2.92,0,25.4
30,838,0.876,穷人,10001.3,2146.5,0.2146,0,0,24.6,2.07,0,12.8
30,839,0.876,穷人,49429.9,1356.7,0.0274,0,0,25.2,1.0,0,16.6
30,840,0.876,穷人,9929.8,536.5,0.054,0,0,28.2,1.73,0,51.4
30,841,0.876,穷人,8451.8,764.7,0.0905,0,0,29.7,1.58,0,12.8
30,842,0.876,穷人,5874.9,3357.1,0.5714,1,0,7.7,4.89,0,7.6
30,843,0.876,穷人,23057.3,1308.1,0.0567,0,0,27.0,1.0,0,14.5
30,844,0.876,穷人,7506.8,428.4,0.0571,0,0,28.9,1.0,0,9.8
30,845,0.876,穷人,8806.7,2086.8,0.237,0,0,28.4,1.0,0,19.0
30,846,0.876,穷人,8978.4,410.0,0.0457,0,0,27.5,2.61,0,18.8
30,847,0.876,穷人,11683.8,901.7,0.0772,0,0,29.1,1.12,0,36.4
30,848,0.876,穷人,13465.2,631.4,0.0469,0,0,26.8,1.08,0,12.7
30,849,0.876,穷人,6888.0,5306.7,0.7704,1,0,14.7,4.21,0,12.3
30,850,0.876,穷人,7467.9,847.6,0.1135,0,0,24.0,1.67,0,24.4
30,851,0.876,穷人,7967.6,266.2,0.0334,0,0,29.6,1.66,0,14.1
30,852,0.876,穷人,29245.4,21657.6,0.7405,1,1,12.3,4.8,1,7.1
30,853,0.876,穷人,10661.8,1905.5,0.1787,0,0,29.7,1.21,0,7.3
30,854,0.876,穷人,17312.5,765.0,0.0442,0,0,29.3,2.22,1,45.0
31,855,0.397,富人,75747.7,10663.1,0.1408,0,0,28.5,2.08,0,11.1
31,856,0.397,富人,171741.2,159670.9,0.9297,1,1,15.9,5.04,1,8.6
31,857,0.397,富人,107460.0,87794.4,0.817,1,1,1.1,5.14,1,2.9
31,858,0.397,富人,103654.0,79798.2,0.7699,1,1,5.4,5.53,0,10.2
31,859,0.397,富人,48603.3,6363.9,0.1309,0,0,29.8,1.65,0,18.1
31,860,0.397,富人,117797.0,98255.6,0.8341,1,1,1.1,4.67,0,9.5
31,861,0.397,富人,212732.5,142839.6,0.6715,1,1,20.4,4.72,0,16.8
31,862,0.397,富人,385221.6,293053.3,0.7607,1,1,0.9,4.48,1,15.2
31,863,0.397,富人,23397.8,18138.3,0.7752,1,1,3.7,4.49,0,6.4
31,864,0.397,富人,88004.8,75423.9,0.857,1,0,19.7,3.75,0,6.5
31,865,0.397,富人,55363.7,845.3,0.0153,0,0,25.4,1.54,0,4.5
31,866,0.397,富人,90734.2,69356.6,0.7644,1,0,19.8,3.43,0,8.2
31,867,0.397,富人,212397.2,80800.8,0.3804,0,0,28.3,4.18,0,12.7
31,868,0.397,富人,185506.0,52984.2,0.2856,0,0,25.8,2.54,0,15.9
31,869,0.397,富人,35175.2,6937.3,0.1972,0,0,29.8,3.33,0,9.9
31,870,0.397,富人,212856.0,50332.6,0.2365,0,0,25.7,1.48,0,17.2
31,871,0.397,富人,105891.2,7280.6,0.0688,0,0,24.2,1.0,0,6.0
31,872,0.397,富人,113457.3,18057.0,0.1592,0,0,26.9,1.96,0,13.0
31,873,0.397,富人,250853.7,222599.2,0.8874,1,1,9.0,4.83,0,6.7
31,874,0.397,富人,89108.8,5738.6,0.0644,0,0,24.6,1.0,0,18.2
31,875,0.397,富人,102511.4,28563.3,0.2786,0,0,26.0,1.0,0,18.8
31,876,0.397,富人,222681.6,142739.9,0.641,1,1,11.5,2.09,0,24.6
31,877,0.397,富人,243756.6,192321.1,0.789,1,1,17.4,3.22,0,11.3
31,878,0.397,富人,141163.1,46606.3,0.3302,0,0,25.0,2.54,0,19.6
31,879,0.397,富人,40115.6,28080.5,0.7,1,1,18.0,3.27,0,15.1
31,880,0.397,富人,38844.4,629.1,0.0162,0,0,28.0,1.0,0,6.2
31,881,0.397,富人,128654.8,21275.5,0.1654,0,0,26.5,1.0,0,9.5
31,882,0.397,富人,126455.6,104311.1,0.8249,1,1,9.5,4.31,0,4.9
31,883,0.397,富人,81066.8,10948.5,0.1351,0,0,27.3,1.0,0,21.2
31,884,0.397,富人,264118.9,9764.1,0.037,0,0,28.2,1.0,0,12.2
31,885,0.397,富人,44438.0,2391.3,0.0538,0,0,24.2,1.11,0,15.4
31,886,0.397,富人,36606.4,7436.2,0.2031,0,0,26.0,1.96,0,5.7
31,887,0.397,富人,64139.5,26823.4,0.4182,1,1,13.0,3.38,0,9.2
31,888,0.397,富人,283573.4,192968.0,0.6805,1,1,3.0,4.7,1,8.7
31,889,0.397,富人,299767.3,5794.4,0.0193,0,0,24.3,1.0,1,27.0
31,890,0.397,富人,57172.0,41138.8,0.7196,1,1,11.4,3.53,0,9.2
31,891,0.397,富人,361232.8,301145.9,0.8337,1,0,13.5,3.82,0,12.0
31,892,0.397,富人,47647.7,4203.8,0.0882,0,0,25.9,1.1,0,7.0
31,893,0.397,富人,168664.0,4164.8,0.0247,0,0,27.7,1.0,0,11.6
32,894,0.818,富人,27041.6,26916.0,0.9954,1,0,7.3,8.13,1,4.7
32,895,0.818,富人,25316.1,22011.2,0.8695,1,0,11.7,5.23,0,13.1
32,896,0.818,富人,26997.0,21343.2,0.7906,1,1,16.9,4.95,0,5.1
32,897,0.818,富人,29870.2,24071.4,0.8059,1,0,17.4,5.58,0,9.8
32,898,0.818,富人,20499.6,1667.8,0.0814,0,0,25.5,2.5,0,21.3
32,899,0.818,富人,12345.6,1777.1,0.1439,0,0,28.7,1.16,0,13.2
32,900,0.818,富人,37973.9,1912.5,0.0504,0,0,25.8,1.35,0,17.8
32,901,0.818,富人,29708.8,8425.6,0.2836,0,0,26.5,2.29,0,18.6
32,902,0.818,富人,41564.8,36158.7,0.8699,1,1,17.9,6.18,1,7.7
32,903,0.818,富人,107924.0,3460.5,0.0321,0,0,29.3,2.65,0,7.4
32,904,0.818,富人,29671.4,5281.1,0.178,0,0,28.4,2.91,0,8.7
32,905,0.818,富人,7926.5,4326.2,0.5458,1,1,3.0,5.24,0,8.1
32,906,0.818,富人,37039.1,11071.0,0.2989,0,0,26.5,1.66,0,15.3
32,907,0.818,富人,21282.3,9184.9,0.4316,0,0,29.3,2.21,0,10.8
32,908,0.818,富人,47602.8,43965.6,0.9236,1,0,0.4,4.39,0,10.6
32,909,0.818,富人,13275.4,3311.4,0.2494,0,0,27.4,2.2,0,21.0
32,910,0.818,富人,22283.1,4012.8,0.1801,0,0,24.5,3.24,0,9.3
32,911,0.818,富人,44989.6,12890.6,0.2865,0,0,28.4,1.95,0,8.5
32,912,0.818,富人,28716.7,3263.3,0.1136,0,0,28.6,2.08,0,12.7
32,913,0.818,富人,143677.0,98562.8,0.686,1,1,10.6,5.64,1,7.8
32,914,0.818,富人,27879.6,1362.3,0.0489,0,0,25.2,2.94,0,8.0
32,915,0.818,富人,22505.7,2812.5,0.125,0,0,29.8,2.11,0,4.9
33,916,0.316,穷人,11236.9,7505.4,0.6679,1,1,18.8,2.79,0,7.2
33,917,0.316,穷人,14201.6,1363.9,0.096,0,0,29.5,1.0,0,22.5
33,918,0.316,穷人,10462.2,5766.5,0.5512,1,0,1.1,4.26,1,22.9
33,919,0.316,穷人,13674.0,451.3,0.033,0,0,26.4,1.0,0,5.8
33,920,0.316,穷人,19621.9,18545.8,0.9452,1,1,6.1,5.14,1,3.5
33,921,0.316,穷人,17431.7,1649.4,0.0946,0,0,29.4,1.0,0,19.0
33,922,0.316,穷人,23324.2,2366.1,0.1014,0,0,27.8,1.0,0,7.3
33,923,0.316,穷人,22278.1,13655.9,0.613,1,1,8.8,3.47,1,8.3
33,924,0.316,穷人,6426.8,641.3,0.0998,0,0,27.3,1.15,0,19.9
33,925,0.316,穷人,11043.0,879.8,0.0797,0,0,29.4,2.1,0,12.4
33,926,0.316,穷人,27861.6,1606.0,0.0576,0,0,28.2,1.0,0,12.5
33,927,0.316,穷人,11779.1,10136.2,0.8605,1,0,11.4,3.47,1,10.7
33,928,0.316,穷人,22150.7,644.5,0.0291,0,0,25.3,1.0,0,18.5
33,929,0.316,穷人,13513.7,1768.4,0.1309,0,0,27.1,1.8,0,17.4
33,930,0.316,穷人,14575.5,10323.4,0.7083,1,1,10.2,3.56,0,17.9
33,931,0.316,穷人,20590.4,5087.2,0.2471,0,0,27.1,1.42,0,22.0
33,932,0.316,穷人,11160.5,340.2,0.0305,0,0,27.7,1.0,0,9.8
33,933,0.316,穷人,4969.7,3850.0,0.7747,1,0,2.8,4.26,0,6.8
33,934,0.316,穷人,8917.4,277.9,0.0312,0,0,26.3,1.82,0,9.7
33,935,0.316,穷人,6542.0,2393.7,0.3659,0,0,28.1,2.12,0,10.6
33,936,0.316,穷人,48097.9,6598.7,0.1372,0,0,24.4,1.0,0,13.2
33,937,0.316,穷人,20783.5,15871.0,0.7636,1,1,12.0,4.64,0,7.9
33,938,0.316,穷人,6262.5,510.5,0.0815,0,0,28.2,1.0,0,21.0
33,939,0.316,穷人,30465.2,15567.0,0.511,1,1,2.5,2.46,0,8.2
33,940,0.316,穷人,9402.5,1316.7,0.14,0,0,26.6,1.64,0,10.2
33,941,0.316,穷人,9177.8,338.6,0.0369,0,0,29.9,1.0,0,16.1
33,942,0.316,穷人,9259.7,6196.9,0.6692,1,0,18.3,2.49,0,12.1
33,943,0.316,穷人,10947.4,6867.6,0.6273,1,1,10.4,4.47,0,11.1
33,944,0.316,穷人,22627.3,16684.9,0.7374,1,1,0.8,4.17,1,5.3
33,945,0.316,穷人,40337.1,8483.6,0.2103,0,0,28.3,1.0,0,15.4
33,946,0.316,穷人,29244.9,21834.9,0.7466,1,0,19.6,3.82,0,10.3
33,947,0.316,穷人,52850.2,10901.0,0.2063,0,0,25.1,1.52,0,24.8
33,948,0.316,穷人,31875.7,1962.5,0.0616,0,0,28.9,1.0,0,16.9
33,949,0.316,穷人,7326.3,5472.2,0.7469,1,1,3.6,4.49,1,10.0
33,950,0.316,穷人,8166.5,1391.5,0.1704,0,0,28.4,2.04,0,11.5
33,951,0.316,穷人,9877.7,236.7,0.024,0,0,25.1,1.0,0,8.7
33,952,0.316,穷人,6848.8,4951.5,0.723,1,1,22.5,4.62,1,4.2
33,953,0.316,穷人,10576.7,1455.3,0.1376,0,0,26.1,1.0,0,20.4
33,954,0.316,穷人,28070.1,26063.8,0.9285,1,1,18.2,5.12,1,10.5
34,955,0.159,富人,48484.6,38807.2,0.8004,1,0,15.2,2.31,0,17.7
34,956,0.159,富人,66041.2,3759.1,0.0569,0,0,26.5,1.0,0,8.3
34,957,0.159,富人,34840.2,22418.9,0.6435,1,1,7.2,2.63,0,26.2
34,958,0.159,富人,25145.1,22994.5,0.9145,1,1,6.3,3.21,0,20.0
34,959,0.159,富人,12656.3,3957.3,0.3127,0,0,29.2,1.0,0,7.0
34,960,0.159,富人,26537.4,4361.0,0.1643,0,0,26.8,1.0,0,27.3
34,961,0.159,富人,18334.9,2476.0,0.135,0,0,26.9,1.0,0,22.1
34,962,0.159,富人,24360.3,18862.8,0.7743,1,1,22.4,3.32,0,19.9
34,963,0.159,富人,7032.4,974.9,0.1386,0,0,25.8,1.0,0,7.7
34,964,0.159,富人,46562.6,327.0,0.007,0,0,26.3,1.0,0,12.0
34,965,0.159,富人,100439.9,75151.2,0.7482,1,1,23.0,2.03,0,10.3
34,966,0.159,富人,46934.6,33364.2,0.7109,1,0,22.7,3.76,0,6.8
34,967,0.159,富人,55393.2,46281.9,0.8355,1,1,22.7,3.45,0,14.3
34,968,0.159,富人,43366.1,9867.3,0.2275,0,0,25.3,1.0,0,9.0
34,969,0.159,富人,18746.6,17168.0,0.9158,1,1,21.5,1.18,0,35.6
35,970,0.72,穷人,8081.0,240.4,0.0297,0,0,28.8,2.6,1,13.7
35,971,0.72,穷人,3831.6,87.9,0.0229,0,0,27.4,2.33,0,10.3
35,972,0.72,穷人,11117.0,421.0,0.0379,0,0,26.6,2.71,0,10.4
35,973,0.72,穷人,9108.8,6835.8,0.7505,1,0,6.3,5.19,0,6.0
35,974,0.72,穷人,3314.9,284.0,0.0857,0,0,26.0,1.24,0,11.9
35,975,0.72,穷人,22284.3,4867.4,0.2184,0,0,26.2,2.93,0,10.8
35,976,0.72,穷人,4231.5,1210.4,0.286,0,0,27.5,2.59,0,11.8
35,977,0.72,穷人,5953.9,943.4,0.1584,0,0,24.7,4.45,0,6.1
35,978,0.72,穷人,3911.5,183.6,0.0469,0,0,28.1,3.01,0,21.9
35,979,0.72,穷人,4436.0,438.2,0.0988,0,0,25.4,2.23,0,10.8
35,980,0.72,穷人,11864.9,9046.1,0.7624,1,1,14.7,5.28,0,8.8
35,981,0.72,穷人,8342.1,2015.2,0.2416,0,0,26.6,1.89,0,19.6
35,982,0.72,穷人,3728.8,637.1,0.1709,0,0,29.7,4.4,1,2.3
35,983,0.72,穷人,11031.3,8542.6,0.7744,1,0,22.3,5.01,0,10.1
35,984,0.72,穷人,3644.6,3411.2,0.9359,1,1,3.0,6.17,1,11.9
35,985,0.72,穷人,5876.1,4657.2,0.7926,1,1,21.0,5.75,1,5.9
35,986,0.72,穷人,12583.7,1925.3,0.153,0,0,29.3,2.77,0,11.0
35,987,0.72,穷人,9230.6,2341.4,0.2537,0,0,28.2,3.94,0,15.8
35,988,0.72,穷人,8709.4,5237.9,0.6014,1,0,5.3,4.86,1,10.4
35,989,0.72,穷人,11475.1,470.7,0.041,0,0,25.0,2.02,0,5.3
35,990,0.72,穷人,28907.0,3384.7,0.1171,0,0,28.9,2.57,0,20.6
35,991,0.72,穷人,6409.7,1073.2,0.1674,0,0,27.1,2.79,0,3.5
35,992,0.72,穷人,6607.9,5202.1,0.7872,1,0,17.9,4.82,1,2.7
35,993,0.72,穷人,13703.8,3301.6,0.2409,0,0,24.8,1.27,0,13.5
35,994,0.72,穷人,6626.5,161.1,0.0243,0,0,26.8,2.61,0,32.4
35,995,0.72,穷人,2950.7,334.9,0.1135,0,0,27.4,2.42,0,10.0
35,996,0.72,穷人,8689.0,7409.7,0.8528,1,1,7.7,6.45,0,3.7
35,997,0.72,穷人,5223.1,569.0,0.1089,0,0,27.6,3.54,0,7.7
35,998,0.72,穷人,23446.0,19289.1,0.8227,1,0,3.9,4.74,0,32.6
35,999,0.72,穷人,4731.3,590.2,0.1247,0,0,29.8,1.79,0,16.0
36,1000,0.156,中产,12923.0,8189.4,0.6337,1,1,4.2,5.72,1,12.7
36,1001,0.156,中产,51879.8,40581.9,0.7822,1,1,3.6,9.0,1,5.6
36,1002,0.156,中产,13116.5,4588.3,0.3498,0,0,24.6,3.61,1,2.5
36,1003,0.156,中产,76453.4,10323.1,0.135,0,0,28.2,2.98,0,26.4
36,1004,0.156,中产,12127.0,10793.7,0.8901,1,1,3.8,5.77,1,7.3
36,1005,0.156,中产,35834.6,31472.5,0.8783,1,1,4.1,7.44,1,4.6
36,1006,0.156,中产,28681.0,26197.8,0.9134,1,1,7.2,7.35,1,3.9
36,1007,0.156,中产,20699.1,18398.1,0.8888,1,1,4.0,6.34,1,3.9
36,1008,0.156,中产,6615.8,603.3,0.0912,0,0,24.9,2.11,0,17.1
36,1009,0.156,中产,14346.2,12480.2,0.8699,1,1,4.5,7.02,1,3.3
36,1010,0.156,中产,34076.0,5349.1,0.157,0,0,29.7,2.41,0,21.8
36,1011,0.156,中产,16561.3,15158.1,0.9153,1,1,3.2,7.36,1,8.6
36,1012,0.156,中产,12728.7,3269.1,0.2568,0,0,25.9,4.13,1,8.9
36,1013,0.156,中产,10596.9,8212.3,0.775,1,1,23.0,5.94,1,4.6
36,1014,0.156,中产,8965.0,6790.6,0.7575,1,1,7.0,6.58,0,9.6
36,1015,0.156,中产,13826.5,8763.8,0.6338,1,1,1.3,6.78,1,7.3
36,1016,0.156,中产,66362.6,1572.9,0.0237,0,0,25.7,2.3,0,25.4
36,1017,0.156,中产,8262.6,7035.8,0.8515,1,1,8.7,5.64,1,2.2
36,1018,0.156,中产,14918.6,13207.6,0.8853,1,0,11.7,6.16,1,5.1
36,1019,0.156,中产,13565.1,2570.9,0.1895,0,0,26.6,3.15,0,22.3
36,1020,0.156,中产,21809.6,14193.4,0.6508,1,1,18.5,6.42,1,5.3
36,1021,0.156,中产,29394.0,382.3,0.013,0,0,29.1,3.73,1,10.8
36,1022,0.156,中产,42535.5,28687.1,0.6744,1,1,20.6,6.17,1,3.4
36,1023,0.156,中产,33086.4,21752.4,0.6574,1,0,10.6,5.13,1,6.9
36,1024,0.156,中产,11117.7,7768.0,0.6987,1,0,21.6,4.74,0,6.7
36,1025,0.156,中产,9227.4,8131.3,0.8812,1,1,20.8,6.88,0,4.5
36,1026,0.156,中产,74380.2,30745.1,0.4134,1,1,6.6,5.35,1,5.3
36,1027,0.156,中产,27623.9,23729.5,0.859,1,1,15.3,7.84,1,3.1
36,1028,0.156,中产,17578.7,13175.0,0.7495,1,1,3.5,6.9,1,13.6
37,1029,0.223,中产,45156.3,9865.1,0.2185,0,0,25.9,1.0,0,8.5
37,1030,0.223,中产,25029.3,19461.2,0.7775,1,0,23.3,3.37,0,21.0
37,1031,0.223,中产,19025.4,1617.9,0.085,0,0,29.0,1.0,0,18.2
37,1032,0.223,中产,10352.0,2056.3,0.1986,0,0,30.0,1.53,0,9.3
37,1033,0.223,中产,27037.9,24557.8,0.9083,1,1,10.6,5.91,1,5.4
37,1034,0.223,中产,31161.5,14205.6,0.4559,1,1,10.8,3.94,0,6.2
37,1035,0.223,中产,43027.4,1395.4,0.0324,0,0,28.5,1.0,0,16.6
37,1036,0.223,中产,31644.0,5108.0,0.1614,0,0,28.7,1.59,0,14.0
37,1037,0.223,中产,49969.7,33259.5,0.6656,1,1,2.3,3.39,0,18.9
37,1038,0.223,中产,36080.4,10703.9,0.2967,1,1,7.4,2.46,1,10.0
37,1039,0.223,中产,55144.9,1822.8,0.0331,0,0,24.7,1.0,0,17.1
37,1040,0.223,中产,12088.5,112.2,0.0093,0,0,25.7,2.29,0,17.8
37,1041,0.223,中产,20480.8,9410.7,0.4595,1,1,16.1,3.96,0,5.5
37,1042,0.223,中产,12148.6,9085.8,0.7479,1,1,1.6,4.0,0,10.4
37,1043,0.223,中产,22015.0,15804.1,0.7179,1,1,0.0,4.62,1,13.6
37,1044,0.223,中产,16520.3,14268.9,0.8637,1,1,7.7,4.88,0,10.4
37,1045,0.223,中产,51060.6,5421.3,0.1062,0,0,26.0,2.05,0,11.0
37,1046,0.223,中产,25213.8,16505.8,0.6546,1,1,4.7,4.23,0,21.4
37,1047,0.223,中产,70588.7,16794.8,0.2379,0,0,24.3,1.94,0,20.3
37,1048,0.223,中产,56658.9,6286.0,0.1109,0,0,25.5,2.11,0,14.1
37,1049,0.223,中产,16375.8,4821.6,0.2944,0,0,27.8,2.11,1,15.5
37,1050,0.223,中产,37231.6,3162.0,0.0849,0,0,25.1,1.29,0,14.5
37,1051,0.223,中产,23553.7,13936.3,0.5917,1,1,12.8,2.61,0,107.3
37,1052,0.223,中产,48361.0,6429.2,0.1329,0,0,27.7,1.0,0,14.1
37,1053,0.223,中产,25088.1,19709.5,0.7856,1,1,14.2,3.66,0,6.1
37,1054,0.223,中产,19764.7,833.9,0.0422,0,0,27.6,1.26,0,11.7
37,1055,0.223,中产,24580.1,14926.7,0.6073,1,1,6.7,3.79,0,4.4
37,1056,0.223,中产,15792.3,7394.6,0.4682,1,1,19.6,2.21,0,17.2
37,1057,0.223,中产,75455.3,27938.1,0.3703,1,1,9.4,2.31,0,17.9
37,1058,0.223,中产,18449.2,1038.3,0.0563,0,0,29.4,1.2,0,7.5
37,1059,0.223,中产,12705.1,1656.2,0.1304,0,0,24.9,1.32,0,12.4
37,1060,0.223,中产,20515.0,7144.0,0.3482,0,0,28.6,1.82,0,22.7
37,1061,0.223,中产,26731.5,1567.9,0.0587,0,0,27.1,1.0,0,19.4
37,1062,0.223,中产,56312.7,16841.2,0.2991,0,0,25.5,2.2,0,12.3
37,1063,0.223,中产,16512.6,9994.3,0.6053,1,1,16.0,3.5,0,11.5
37,1064,0.223,中产,9848.2,8408.6,0.8538,1,0,12.4,2.66,0,10.9
37,1065,0.223,中产,16103.3,13297.7,0.8258,1,1,1.3,5.89,0,4.7
37,1066,0.223,中产,22487.0,18169.2,0.808,1,1,7.7,5.86,1,7.6
38,1067,0.828,中产,6952.7,123.7,0.0178,0,0,28.6,1.0,0,9.3
38,1068,0.828,中产,35558.7,6168.1,0.1735,0,0,29.5,1.05,0,8.9
38,1069,0.828,中产,13987.0,1889.3,0.1351,0,0,24.5,1.0,0,10.9
38,1070,0.828,中产,12482.9,2149.6,0.1722,0,0,28.2,1.34,0,16.2
38,1071,0.828,中产,15721.4,8325.0,0.5295,1,1,1.0,1.41,0,7.4
38,1072,0.828,中产,33049.1,3371.6,0.102,0,0,28.1,1.0,0,16.5
38,1073,0.828,中产,20854.6,13377.5,0.6415,1,1,11.9,3.31,0,11.9
38,1074,0.828,中产,11471.0,463.2,0.0404,0,0,27.7,1.0,0,7.9
38,1075,0.828,中产,43973.6,5885.7,0.1338,0,0,27.8,1.0,0,13.8
38,1076,0.828,中产,7892.8,5007.2,0.6344,1,0,7.2,3.59,0,6.8
38,1077,0.828,中产,8720.6,637.7,0.0731,0,0,26.9,1.0,0,23.8
38,1078,0.828,中产,22249.3,2767.8,0.1244,0,0,26.5,1.0,0,24.4
38,1079,0.828,中产,17398.7,14121.0,0.8116,1,1,17.2,4.25,1,5.0
38,1080,0.828,中产,17099.3,1224.3,0.0716,0,0,30.0,1.05,0,9.5
38,1081,0.828,中产,21660.5,1358.1,0.0627,0,0,29.3,1.0,0,15.1
38,1082,0.828,中产,40212.8,5525.2,0.1374,0,0,25.0,1.0,0,5.9
38,1083,0.828,中产,17951.3,16932.2,0.9432,1,1,12.9,4.23,0,6.9
38,1084,0.828,中产,20873.2,926.6,0.0444,0,0,26.0,1.89,0,12.3
38,1085,0.828,中产,16095.5,3640.7,0.2262,0,0,29.9,1.0,0,22.5
38,1086,0.828,中产,23339.8,2882.4,0.1235,0,0,29.3,1.0,0,14.6
38,1087,0.828,中产,14055.4,9185.9,0.6535,1,1,18.4,1.89,0,59.1
38,1088,0.828,中产,22770.6,638.3,0.028,0,0,26.5,1.0,0,14.7
38,1089,0.828,中产,22816.6,15211.3,0.6667,1,1,10.0,3.0,0,5.3
38,1090,0.828,中产,35979.2,1217.7,0.0338,0,0,29.2,1.0,0,12.5
38,1091,0.828,中产,19005.9,4385.0,0.2307,0,0,24.2,1.0,0,7.2
38,1092,0.828,中产,17220.5,497.6,0.0289,0,0,28.2,1.0,0,25.9
38,1093,0.828,中产,21095.4,1873.2,0.0888,0,0,24.9,1.0,0,14.2
38,1094,0.828,中产,10576.3,907.9,0.0858,0,0,29.5,1.0,0,19.1
38,1095,0.828,中产,9981.0,1927.0,0.1931,0,0,26.8,1.0,0,27.1
38,1096,0.828,中产,6121.8,391.2,0.0639,0,0,25.6,1.0,0,18.7
38,1097,0.828,中产,37545.5,21920.2,0.5838,1,1,21.1,1.0,0,13.3
38,1098,0.828,中产,15735.5,10588.7,0.6729,1,1,5.2,4.03,0,8.0
38,1099,0.828,中产,75063.9,325.2,0.0043,0,0,29.9,1.68,0,9.1
38,1100,0.828,中产,54948.2,5345.8,0.0973,0,0,25.1,1.0,0,7.7
38,1101,0.828,中产,7922.5,1147.5,0.1448,0,0,27.4,1.32,0,23.3
39,1102,0.465,富人,37956.1,1037.4,0.0273,0,0,26.3,1.0,0,41.1
39,1103,0.465,富人,82589.8,12657.5,0.1533,0,0,27.2,1.0,0,16.8
39,1104,0.465,富人,48792.6,8489.3,0.174,0,0,29.5,2.81,1,13.9
39,1105,0.465,富人,33618.1,27426.5,0.8158,1,1,21.3,5.17,0,10.4
39,1106,0.465,富人,41178.6,6366.5,0.1546,0,0,24.1,1.0,0,11.0
39,1107,0.465,富人,24610.5,1288.9,0.0524,0,0,27.6,1.0,0,7.6
39,1108,0.465,富人,41521.1,3723.4,0.0897,0,0,28.8,1.4,0,22.5
39,1109,0.465,富人,14129.0,9371.3,0.6633,1,1,5.1,5.3,0,3.6
39,1110,0.465,富人,54701.1,45770.2,0.8367,1,0,20.6,3.17,0,8.3
39,1111,0.465,富人,62091.9,6997.5,0.1127,0,0,24.0,1.0,0,35.8
39,1112,0.465,富人,13050.2,3659.3,0.2804,0,0,28.4,1.0,0,8.9
39,1113,0.465,富人,41125.7,3208.9,0.078,0,0,24.0,1.0,0,15.5
39,1114,0.465,富人,26573.6,201.9,0.0076,0,0,26.4,1.0,0,25.1
39,1115,0.465,富人,21953.7,1591.4,0.0725,0,0,25.1,1.59,0,14.3
39,1116,0.465,富人,22925.8,17252.2,0.7525,1,1,13.3,5.01,1,9.7
39,1117,0.465,富人,22683.8,938.3,0.0414,0,0,26.3,1.51,0,13.2
39,1118,0.465,富人,22905.1,1566.8,0.0684,0,0,26.0,1.0,0,27.5
39,1119,0.465,富人,22594.3,12342.8,0.5463,1,1,15.1,4.22,1,3.6
39,1120,0.465,富人,48042.4,74.2,0.0015,0,0,27.6,1.62,0,15.2
39,1121,0.465,富人,13681.3,10920.9,0.7982,1,0,8.8,3.69,0,26.9
39,1122,0.465,富人,18371.9,1070.3,0.0583,0,0,24.9,2.1,0,14.1
40,1123,0.61,中产,27393.5,1386.3,0.0506,0,0,28.2,1.14,0,9.6
40,1124,0.61,中产,34946.5,4137.6,0.1184,0,0,27.5,1.44,0,7.3
40,1125,0.61,中产,32520.7,27684.4,0.8513,1,0,2.3,3.13,0,13.7
40,1126,0.61,中产,37230.5,1006.5,0.027,0,0,26.5,1.31,0,15.6
40,1127,0.61,中产,35359.8,25638.0,0.7251,1,1,11.3,4.54,1,8.0
40,1128,0.61,中产,14564.4,8263.1,0.5673,1,1,1.6,4.74,0,13.5
40,1129,0.61,中产,24399.2,19732.4,0.8087,1,1,15.7,5.64,1,4.8
40,1130,0.61,中产,9306.5,8756.1,0.9409,1,0,3.5,4.35,0,18.3
40,1131,0.61,中产,42082.8,7956.9,0.1891,0,0,27.2,1.64,0,25.8
40,1132,0.61,中产,18378.0,3600.5,0.1959,0,0,25.5,2.65,0,4.6
40,1133,0.61,中产,36465.7,2187.9,0.06,0,0,25.4,1.42,0,9.3
40,1134,0.61,中产,25202.6,457.3,0.0181,0,0,27.9,1.0,0,11.0
40,1135,0.61,中产,69920.1,9826.1,0.1405,0,0,28.3,1.0,0,16.3
40,1136,0.61,中产,13072.1,391.3,0.0299,0,0,26.0,1.0,0,14.3
40,1137,0.61,中产,16375.1,5951.9,0.3635,1,1,19.6,2.98,0,18.2
40,1138,0.61,中产,21196.5,2343.9,0.1106,0,0,27.3,1.15,0,22.1
40,1139,0.61,中产,20668.6,714.4,0.0346,0,0,24.6,1.0,0,8.5
40,1140,0.61,中产,26891.2,1555.6,0.0578,0,0,27.9,1.27,0,6.3
40,1141,0.61,中产,27628.1,18429.3,0.667,1,1,15.7,3.76,1,9.9
40,1142,0.61,中产,30602.9,28985.7,0.9472,1,0,0.9,4.56,1,13.3
40,1143,0.61,中产,10752.5,432.2,0.0402,0,0,24.4,1.0,0,18.3
40,1144,0.61,中产,52905.8,7870.8,0.1488,0,0,24.3,1.71,0,18.3
40,1145,0.61,中产,27499.8,13208.0,0.4803,0,0,29.6,1.96,0,11.9
40,1146,0.61,中产,20002.3,687.7,0.0344,0,0,24.9,1.98,0,13.2
40,1147,0.61,中产,29853.3,18025.7,0.6038,1,0,3.9,2.55,0,14.0
40,1148,0.61,中产,32679.2,4343.2,0.1329,0,0,28.6,1.13,0,12.7
40,1149,0.61,中产,39017.1,23505.7,0.6024,1,1,22.1,5.99,0,9.1
40,1150,0.61,中产,62660.3,17901.7,0.2857,0,0,27.7,1.0,0,13.3
40,1151,0.61,中产,17182.5,10523.0,0.6124,0,0,24.9,3.17,0,14.5
40,1152,0.61,中产,12497.5,10954.7,0.8766,1,0,22.4,4.1,0,23.7
41,1153,0.674,富人,39485.7,4318.1,0.1094,0,0,27.8,2.71,1,26.0
41,1154,0.674,富人,58831.1,13849.7,0.2354,0,0,25.9,1.96,0,12.6
41,1155,0.674,富人,10879.8,823.0,0.0756,0,0,25.6,1.0,0,15.1
41,1156,0.674,富人,23092.0,2868.7,0.1242,0,0,25.6,1.84,0,8.7
41,1157,0.674,富人,19899.2,17677.6,0.8884,1,0,4.8,5.58,1,4.2
41,1158,0.674,富人,31825.1,1550.4,0.0487,0,0,27.0,1.0,0,10.9
41,1159,0.674,富人,65066.4,31123.3,0.4783,1,1,5.2,3.89,0,16.0
41,1160,0.674,富人,31209.8,22873.4,0.7329,1,0,9.3,3.44,0,10.2
41,1161,0.674,富人,11342.9,2723.4,0.2401,0,0,27.6,1.0,0,15.8
41,1162,0.674,富人,166415.0,118109.3,0.7097,1,0,14.6,3.15,1,20.8
41,1163,0.674,富人,26279.4,759.1,0.0289,0,0,24.7,2.63,0,13.3
41,1164,0.674,富人,24800.0,975.3,0.0393,0,0,24.6,1.0,0,34.7
41,1165,0.674,富人,28248.5,9502.8,0.3364,0,0,24.9,1.18,0,12.2
41,1166,0.674,富人,11807.5,10175.9,0.8618,1,0,23.1,5.51,1,7.2
41,1167,0.674,富人,40729.8,4182.1,0.1027,0,0,25.5,1.69,1,5.5
41,1168,0.674,富人,70660.3,6409.4,0.0907,0,0,28.4,1.83,0,14.7
41,1169,0.674,富人,156042.3,1674.4,0.0107,0,0,27.2,1.22,0,9.8
41,1170,0.674,富人,46654.2,8656.9,0.1856,0,0,28.5,1.0,0,28.5
41,1171,0.674,富人,23460.3,18889.3,0.8052,1,1,13.0,3.97,0,8.2
41,1172,0.674,富人,36885.7,32476.1,0.8805,1,1,15.3,3.81,0,5.6
41,1173,0.674,富人,41423.9,269.6,0.0065,0,0,25.3,1.0,0,20.6
41,1174,0.674,富人,23243.5,19095.8,0.8216,1,0,12.3,4.6,1,15.1
41,1175,0.674,富人,31636.1,4717.3,0.1491,0,0,29.3,2.27,1,16.9
41,1176,0.674,富人,74033.0,5993.8,0.081,0,0,26.8,1.0,0,39.3
41,1177,0.674,富人,23716.5,5945.8,0.2507,0,0,25.4,3.21,0,7.1
41,1178,0.674,富人,19801.8,16561.3,0.8364,1,1,18.1,4.09,1,6.9
41,1179,0.674,富人,24011.3,6667.6,0.2777,0,0,24.0,1.28,0,13.8
41,1180,0.674,富人,45060.8,5020.6,0.1114,0,0,26.1,1.96,0,15.1
41,1181,0.674,富人,50708.0,44108.4,0.8699,1,1,15.7,4.55,1,7.7
41,1182,0.674,富人,70835.2,11581.4,0.1635,0,0,28.0,2.32,0,4.3
41,1183,0.674,富人,13217.9,11728.4,0.8873,1,1,3.8,3.49,0,16.1
41,1184,0.674,富人,59454.7,47512.8,0.7991,1,1,16.9,2.31,1,6.6
41,1185,0.674,富人,46709.7,31518.9,0.6748,1,1,12.3,5.26,0,10.7
41,1186,0.674,富人,23559.3,3316.1,0.1408,0,0,29.7,2.1,0,6.3
41,1187,0.674,富人,33050.5,24200.3,0.7322,1,0,24.0,3.04,0,14.2
41,1188,0.674,富人,28613.9,26507.6,0.9264,1,1,15.7,4.99,0,17.5
41,1189,0.674,富人,38361.5,8448.8,0.2202,0,0,27.4,1.46,0,15.3
41,1190,0.674,富人,59507.2,45291.0,0.7611,1,1,0.5,3.88,0,5.7
42,1191,0.684,穷人,18085.9,1851.5,0.1024,0,0,26.7,1.0,0,9.9
42,1192,0.684,穷人,53686.9,1273.3,0.0237,0,0,24.4,1.0,0,20.2
42,1193,0.684,穷人,23848.6,11607.4,0.4867,0,0,28.4,3.45,0,8.1
42,1194,0.684,穷人,9060.1,6862.1,0.7574,1,1,9.1,2.6,0,11.6
42,1195,0.684,穷人,9569.0,1443.6,0.1509,0,0,29.6,1.0,0,11.4
42,1196,0.684,穷人,8444.6,3755.8,0.4448,0,0,28.0,1.15,0,27.5
42,1197,0.684,穷人,9544.1,248.8,0.0261,0,0,24.4,2.3,0,12.1
42,1198,0.684,穷人,15872.8,206.9,0.013,0,0,24.5,1.0,0,19.6
42,1199,0.684,穷人,18660.5,12900.6,0.6913,1,1,7.2,2.83,0,14.4
42,1200,0.684,穷人,3778.3,290.3,0.0768,0,0,26.1,1.0,0,9.4
42,1201,0.684,穷人,22885.1,289.6,0.0127,0,0,27.0,1.0,0,18.9
42,1202,0.684,穷人,17433.3,12920.9,0.7412,1,1,22.8,3.59,1,12.1
42,1203,0.684,穷人,19678.7,2799.3,0.1422,0,0,24.8,1.16,0,7.7
42,1204,0.684,穷人,39839.6,24323.5,0.6105,1,0,5.9,2.46,0,30.1
42,1205,0.684,穷人,8753.6,6164.2,0.7042,1,0,8.4,4.18,1,9.2
42,1206,0.684,穷人,15392.9,810.1,0.0526,0,0,25.1,1.81,0,9.7
42,1207,0.684,穷人,8297.6,310.9,0.0375,0,0,29.0,1.0,0,10.2
42,1208,0.684,穷人,30175.1,19472.8,0.6453,1,0,8.9,2.02,0,13.7
42,1209,0.684,穷人,8976.2,112.7,0.0126,0,0,29.0,1.0,0,12.3
42,1210,0.684,穷人,12591.8,12182.1,0.9675,1,0,4.9,3.91,0,24.3
42,1211,0.684,穷人,25432.1,2301.4,0.0905,0,0,25.0,1.82,0,27.2
42,1212,0.684,穷人,9320.0,2282.5,0.2449,0,0,24.4,1.34,0,19.0
43,1213,0.455,富人,49267.4,16293.7,0.3307,0,0,26.3,1.85,0,25.1
43,1214,0.455,富人,47316.4,30710.9,0.6491,1,0,13.0,4.61,0,13.3
43,1215,0.455,富人,24196.1,4918.3,0.2033,0,0,27.1,2.24,0,6.9
43,1216,0.455,富人,57404.9,8933.1,0.1556,0,0,25.9,4.03,0,8.2
43,1217,0.455,富人,7422.0,2265.1,0.3052,0,0,24.1,2.72,0,13.9
43,1218,0.455,富人,73756.6,21770.2,0.2952,0,0,24.5,2.33,0,12.7
43,1219,0.455,富人,28610.3,2949.6,0.1031,0,0,28.3,3.55,0,13.3
43,1220,0.455,富人,65597.9,50347.7,0.7675,1,1,6.3,5.09,0,8.6
43,1221,0.455,富人,38963.9,1987.1,0.051,0,0,28.6,2.56,0,18.9
43,1222,0.455,富人,27821.3,14714.0,0.5289,1,0,14.6,5.31,1,3.0
43,1223,0.455,富人,60332.7,4080.9,0.0676,0,0,27.8,1.0,0,14.4
43,1224,0.455,富人,25680.2,24075.6,0.9375,1,1,1.5,5.12,1,8.6
43,1225,0.455,富人,35617.8,475.2,0.0133,0,0,25.9,1.72,1,28.5
43,1226,0.455,富人,11179.7,9070.6,0.8113,1,1,20.9,5.94,1,23.3
43,1227,0.455,富人,46456.9,30726.0,0.6614,1,1,14.4,6.06,0,5.7
43,1228,0.455,富人,56309.6,50183.8,0.8912,1,1,16.4,4.06,0,4.7
43,1229,0.455,富人,14264.4,2507.0,0.1757,0,0,26.6,1.52,0,21.7
43,1230,0.455,富人,73682.9,11231.5,0.1524,0,0,27.3,3.93,0,5.7
43,1231,0.455,富人,87073.8,76266.5,0.8759,1,1,20.8,6.09,0,4.5
43,1232,0.455,富人,70783.0,869.5,0.0123,0,0,27.7,2.1,0,14.1
43,1233,0.455,富人,82228.0,65071.7,0.7914,1,0,10.4,6.37,0,5.4
43,1234,0.455,富人,16987.3,1184.8,0.0697,0,0,27.4,2.96,0,14.6
43,1235,0.455,富人,40418.0,2971.4,0.0735,0,0,24.3,1.89,0,17.0
43,1236,0.455,富人,88609.2,76695.9,0.8656,1,1,7.4,6.0,1,11.8
43,1237,0.455,富人,72774.3,19710.9,0.2708,0,0,29.0,2.26,0,11.7
43,1238,0.455,富人,12246.2,901.7,0.0736,0,0,28.0,2.61,0,12.6
43,1239,0.455,富人,113391.8,74457.7,0.6566,1,0,12.2,3.83,1,3.6
43,1240,0.455,富人,54344.2,12129.3,0.2232,0,0,25.5,2.14,0,4.3
43,1241,0.455,富人,39360.7,30678.4,0.7794,1,1,10.9,7.29,1,7.3
43,1242,0.455,富人,27134.9,21922.2,0.8079,1,1,21.5,5.53,1,5.7
43,1243,0.455,富人,28950.1,17832.6,0.616,1,1,12.1,4.4,0,3.6
43,1244,0.455,富人,35819.8,5103.5,0.1425,0,0,25.0,2.81,0,14.2
43,1245,0.455,富人,124244.2,14908.8,0.12,0,0,24.3,1.82,0,10.7
43,1246,0.455,富人,23855.7,6278.2,0.2632,0,0,30.0,1.08,0,10.8
43,1247,0.455,富人,81586.3,58070.3,0.7118,1,0,12.3,4.17,0,12.9
43,1248,0.455,富人,86633.8,4143.8,0.0478,0,0,26.5,1.65,0,23.0
43,1249,0.455,富人,105651.7,19246.8,0.1822,0,0,28.7,1.18,0,11.3
44,1250,0.097,富人,52210.6,36926.9,0.7073,1,0,5.5,4.31,0,9.9
44,1251,0.097,富人,81786.0,25880.4,0.3164,0,0,26.5,3.9,0,6.5
44,1252,0.097,富人,45567.9,7229.7,0.1587,0,0,25.6,1.33,0,6.8
44,1253,0.097,富人,84807.9,6562.4,0.0774,0,0,24.4,1.74,0,13.2
44,1254,0.097,富人,32280.5,27075.0,0.8387,1,1,6.0,5.07,1,4.7
44,1255,0.097,富人,157931.8,3702.3,0.0234,0,0,29.8,1.22,0,13.3
44,1256,0.097,富人,141506.1,2175.1,0.0154,0,0,26.2,1.8,0,9.8
44,1257,0.097,富人,66508.7,559.1,0.0084,0,0,26.3,1.57,0,8.9
44,1258,0.097,富人,29295.5,9092.9,0.3104,0,0,27.3,1.76,0,23.6
44,1259,0.097,富人,30986.6,5806.0,0.1874,0,0,25.8,2.37,0,9.0
44,1260,0.097,富人,50062.5,42896.9,0.8569,1,1,4.9,5.58,0,7.2
44,1261,0.097,富人,28003.1,7021.7,0.2507,0,0,28.1,1.47,0,10.5
44,1262,0.097,富人,103068.2,85868.8,0.8331,1,1,8.2,4.62,1,18.2
44,1263,0.097,富人,81988.7,60152.3,0.7337,1,1,15.7,4.65,1,8.9
44,1264,0.097,富人,99322.1,64025.1,0.6446,1,0,20.7,4.57,1,8.8
44,1265,0.097,富人,124796.8,115513.5,0.9256,1,1,1.5,6.3,0,6.6
44,1266,0.097,富人,42786.5,33187.0,0.7756,1,1,8.0,5.45,1,8.3
44,1267,0.097,富人,94789.0,12824.0,0.1353,0,0,27.6,4.39,0,9.7
45,1268,0.276,穷人,10671.8,8913.0,0.8352,1,1,15.6,3.56,0,10.7
45,1269,0.276,穷人,21827.4,681.3,0.0312,0,0,28.4,1.31,0,30.4
45,1270,0.276,穷人,2674.8,188.0,0.0703,0,0,28.7,1.0,0,13.8
45,1271,0.276,穷人,39619.5,12535.9,0.3164,0,0,24.5,2.18,0,7.2
45,1272,0.276,穷人,6083.3,5395.8,0.887,1,0,1.4,2.94,0,15.6
45,1273,0.276,穷人,9472.4,1842.5,0.1945,0,0,27.2,1.46,0,13.6
45,1274,0.276,穷人,19066.6,1196.6,0.0628,0,0,24.5,1.0,0,10.2
45,1275,0.276,穷人,15187.4,949.1,0.0625,0,0,29.1,1.44,0,12.4
45,1276,0.276,穷人,4736.6,3530.8,0.7454,1,1,10.7,4.13,0,5.5
45,1277,0.276,穷人,10791.9,5617.1,0.5205,1,1,14.0,1.7,0,14.0
45,1278,0.276,穷人,8283.7,2349.0,0.2836,0,0,24.0,1.65,0,8.9
45,1279,0.276,穷人,7764.0,2691.2,0.3466,0,0,29.0,2.13,0,13.5
45,1280,0.276,穷人,15181.3,1493.7,0.0984,0,0,28.1,1.01,0,13.7
45,1281,0.276,穷人,28341.4,24701.1,0.8716,1,1,8.1,3.19,0,11.9
45,1282,0.276,穷人,9144.5,874.3,0.0956,0,0,29.7,1.0,0,14.6
45,1283,0.276,穷人,9670.4,591.7,0.0612,0,0,24.2,1.77,0,12.2
45,1284,0.276,穷人,5993.4,511.7,0.0854,0,0,27.5,1.0,0,5.5
45,1285,0.276,穷人,13228.8,1611.1,0.1218,0,0,25.4,1.0,0,7.8
45,1286,0.276,穷人,9654.1,5745.2,0.5951,1,1,7.3,2.43,0,15.4
45,1287,0.276,穷人,13178.5,8547.8,0.6486,1,1,13.8,3.37,1,17.9
45,1288,0.276,穷人,14553.7,13450.9,0.9242,1,1,13.7,5.13,1,6.2
45,1289,0.276,穷人,11180.7,1946.4,0.1741,0,0,24.7,1.0,0,8.3
45,1290,0.276,穷人,12481.9,1524.8,0.1222,0,0,24.6,1.0,0,13.0
45,1291,0.276,穷人,7357.1,5779.3,0.7855,1,1,17.7,3.56,0,14.2
45,1292,0.276,穷人,11711.1,7251.8,0.6192,1,0,21.2,3.27,0,12.7
45,1293,0.276,穷人,11476.0,385.9,0.0336,0,0,27.6,1.0,0,41.1
45,1294,0.276,穷人,13440.2,11357.6,0.845,1,1,2.6,2.31,0,12.1
45,1295,0.276,穷人,20612.8,16824.3,0.8162,1,0,16.8,2.94,0,26.8
45,1296,0.276,穷人,3071.6,633.1,0.2061,0,0,28.1,1.71,0,8.2
45,1297,0.276,穷人,14117.6,3448.2,0.2442,0,0,25.6,1.08,0,30.2
45,1298,0.276,穷人,15927.7,970.8,0.061,0,0,25.2,1.0,0,7.5
45,1299,0.276,穷人,15741.8,12863.5,0.8172,1,1,1.1,4.35,0,9.0
45,1300,0.276,穷人,8020.0,1598.1,0.1993,0,0,25.9,1.0,0,17.7
45,1301,0.276,穷人,2487.0,311.0,0.1251,0,0,26.8,1.0,0,2.9
45,1302,0.276,穷人,6732.9,693.6,0.103,0,0,27.8,1.08,0,23.1
45,1303,0.276,穷人,14824.4,1196.1,0.0807,0,0,24.5,1.0,0,29.8
45,1304,0.276,穷人,14825.7,12049.7,0.8128,1,0,3.7,4.02,1,6.3
46,1305,0.343,穷人,13920.0,8466.9,0.6083,1,0,19.0,4.03,0,17.5
46,1306,0.343,穷人,12084.2,9536.1,0.7891,1,1,1.3,4.69,0,6.3
46,1307,0.343,穷人,4889.0,809.3,0.1655,0,0,29.6,2.25,0,18.0
46,1308,0.343,穷人,4713.7,389.1,0.0826,0,0,25.9,1.0,0,29.2
46,1309,0.343,穷人,3473.4,2081.3,0.5992,1,0,11.3,3.52,0,7.9
46,1310,0.343,穷人,16333.6,1782.0,0.1091,0,0,28.6,3.19,0,11.5
46,1311,0.343,穷人,15541.8,14994.2,0.9648,1,0,22.2,4.88,0,4.1
46,1312,0.343,穷人,26827.5,3200.2,0.1193,0,0,24.3,2.86,0,6.3
46,1313,0.343,穷人,16792.2,16052.0,0.9559,1,0,18.3,5.89,1,3.1
46,1314,0.343,穷人,7344.4,6875.7,0.9362,1,1,13.4,7.6,1,4.7
46,1315,0.343,穷人,13866.3,2139.9,0.1543,0,0,29.0,1.65,0,16.7
46,1316,0.343,穷人,6909.4,6692.1,0.9686,1,0,8.4,6.26,1,5.3
46,1317,0.343,穷人,5597.7,353.4,0.0631,0,0,24.7,2.91,0,10.8
46,1318,0.343,穷人,18086.5,1049.2,0.058,0,0,24.8,1.27,0,29.0
46,1319,0.343,穷人,18037.6,15971.8,0.8855,1,0,2.0,5.27,0,5.9
46,1320,0.343,穷人,10879.1,1240.8,0.1141,0,0,27.9,2.56,0,13.0
46,1321,0.343,穷人,19260.5,12105.6,0.6285,1,1,22.0,6.6,1,6.9
46,1322,0.343,穷人,8468.6,167.6,0.0198,0,0,28.3,1.0,0,17.1
46,1323,0.343,穷人,7216.8,114.2,0.0158,0,0,28.5,1.96,0,25.0
46,1324,0.343,穷人,7134.3,906.0,0.127,0,0,26.1,2.42,0,8.6
46,1325,0.343,穷人,12842.4,10320.0,0.8036,1,0,21.3,4.62,1,12.9
46,1326,0.343,穷人,12087.3,1313.2,0.1086,0,0,25.1,2.07,0,15.1
46,1327,0.343,穷人,8369.2,300.3,0.0359,0,0,27.3,1.74,0,7.0
46,1328,0.343,穷人,7578.2,6203.8,0.8186,1,1,18.7,5.31,0,12.8
46,1329,0.343,穷人,12608.7,138.5,0.011,0,0,28.1,2.79,0,8.7
46,1330,0.343,穷人,36908.1,4843.7,0.1312,0,0,25.6,1.48,0,13.7
46,1331,0.343,穷人,6309.4,770.5,0.1221,0,0,27.5,2.55,0,11.4
46,1332,0.343,穷人,33178.1,8642.3,0.2605,0,0,27.4,2.62,0,17.5
46,1333,0.343,穷人,9719.1,8769.3,0.9023,1,1,8.0,6.45,1,7.4
46,1334,0.343,穷人,8531.8,5080.8,0.5955,1,0,6.6,4.96,0,3.8
46,1335,0.343,穷人,50406.8,45998.7,0.9126,1,1,3.6,6.21,1,4.7
46,1336,0.343,穷人,11400.5,1001.7,0.0879,0,0,26.5,2.53,0,12.5
46,1337,0.343,穷人,43121.9,33932.2,0.7869,1,1,16.5,5.67,1,10.5
46,1338,0.343,穷人,30615.3,14189.7,0.4635,0,0,29.2,3.42,1,7.5
46,1339,0.343,穷人,16537.5,2504.3,0.1514,0,0,27.9,2.7,0,35.4
47,1340,0.809,富人,68899.8,54400.0,0.7896,1,1,6.0,6.01,0,3.3
47,1341,0.809,富人,19054.7,1772.0,0.093,0,0,28.9,2.15,0,17.0
47,1342,0.809,富人,72298.6,58675.3,0.8116,1,1,18.7,6.0,1,7.1
47,1343,0.809,富人,102478.8,6226.1,0.0608,0,0,28.9,4.22,0,10.8
47,1344,0.809,富人,24786.6,2381.5,0.0961,0,0,29.3,2.18,0,23.2
47,1345,0.809,富人,54102.5,31489.6,0.582,1,1,23.1,5.47,0,4.4
47,1346,0.809,富人,80499.2,2576.8,0.032,0,0,27.6,2.56,1,8.7
47,1347,0.809,富人,86130.3,11611.7,0.1348,0,0,29.1,1.71,0,16.9
47,1348,0.809,富人,72679.5,9152.5,0.1259,0,0,29.1,3.61,0,28.3
47,1349,0.809,富人,68414.1,21078.4,0.3081,0,0,26.6,3.06,0,16.5
47,1350,0.809,富人,34394.0,2012.7,0.0585,0,0,26.1,2.58,0,16.9
47,1351,0.809,富人,51867.2,2323.5,0.0448,0,0,27.5,3.01,0,8.2
47,1352,0.809,富人,30958.5,30103.0,0.9724,1,1,9.8,6.75,1,9.2
47,1353,0.809,富人,65092.0,10723.0,0.1647,0,0,29.1,3.98,0,9.8
47,1354,0.809,富人,92838.8,23267.8,0.2506,0,0,25.8,4.1,0,13.9
48,1355,0.805,中产,35223.8,2756.7,0.0783,0,0,24.1,1.0,0,11.0
48,1356,0.805,中产,19296.2,7005.8,0.3631,0,0,26.0,3.05,0,19.7
48,1357,0.805,中产,32292.8,22817.9,0.7066,1,1,19.1,5.87,1,21.3
48,1358,0.805,中产,51930.7,2907.6,0.056,0,0,24.1,1.0,0,17.9
48,1359,0.805,中产,9596.2,8814.8,0.9186,1,0,0.8,5.07,0,6.2
48,1360,0.805,中产,11128.1,627.7,0.0564,0,0,26.9,2.39,0,19.5
48,1361,0.805,中产,23670.2,21554.4,0.9106,1,1,13.5,5.04,1,6.6
48,1362,0.805,中产,37274.5,9934.4,0.2665,0,0,29.8,1.25,0,23.6
48,1363,0.805,中产,34489.6,1216.6,0.0353,0,0,26.1,1.79,0,13.3
48,1364,0.805,中产,13222.3,2312.6,0.1749,0,0,28.0,1.0,0,11.9
48,1365,0.805,中产,18547.2,3472.5,0.1872,0,0,25.3,1.27,0,20.4
48,1366,0.805,中产,13972.5,4263.1,0.3051,0,0,25.1,1.03,0,10.1
48,1367,0.805,中产,13470.6,1504.9,0.1117,0,0,27.5,1.48,0,31.8
48,1368,0.805,中产,44394.3,4977.7,0.1121,0,0,25.4,1.62,0,12.6
48,1369,0.805,中产,20038.8,1889.5,0.0943,0,0,27.9,2.2,0,13.8
48,1370,0.805,中产,22132.7,5068.5,0.229,0,0,29.3,1.74,0,13.8
48,1371,0.805,中产,13777.0,3414.3,0.2478,0,0,28.8,1.0,0,8.9
48,1372,0.805,中产,23515.0,1070.1,0.0455,0,0,24.9,1.39,0,41.4
48,1373,0.805,中产,31507.9,22529.3,0.715,1,1,11.7,5.01,1,6.5
48,1374,0.805,中产,16760.2,6259.9,0.3735,0,0,24.4,2.27,0,24.1
48,1375,0.805,中产,18234.7,16729.3,0.9174,1,1,19.6,5.67,1,11.2
48,1376,0.805,中产,23503.2,21404.1,0.9107,1,0,21.6,4.67,1,23.9
48,1377,0.805,中产,49033.0,32726.6,0.6674,1,1,16.1,5.89,1,4.4
48,1378,0.805,中产,17136.8,7812.8,0.4559,0,0,27.3,1.64,0,18.2
48,1379,0.805,中产,10078.7,7977.8,0.7915,1,0,6.6,3.56,1,17.7
49,1380,0.187,富人,110535.6,18521.2,0.1676,0,0,25.2,2.77,0,6.9
49,1381,0.187,富人,24517.4,2084.3,0.085,0,0,26.6,1.0,0,12.2
49,1382,0.187,富人,70149.3,8419.0,0.12,0,0,25.8,1.31,0,10.6
49,1383,0.187,富人,134081.3,76762.3,0.5725,1,0,7.1,4.02,0,10.7
49,1384,0.187,富人,28354.9,1357.9,0.0479,0,0,26.1,1.44,0,17.7
49,1385,0.187,富人,69509.0,14729.6,0.2119,0,0,27.7,2.38,0,30.0
49,1386,0.187,富人,61988.7,10070.4,0.1625,0,0,29.8,1.29,0,20.1
49,1387,0.187,富人,56571.3,37213.1,0.6578,1,1,3.5,2.61,0,7.4
49,1388,0.187,富人,89730.9,21222.7,0.2365,0,0,24.1,1.0,0,25.2
49,1389,0.187,富人,41832.0,33628.2,0.8039,1,1,19.0,4.79,0,14.5
49,1390,0.187,富人,88353.5,68796.8,0.7787,1,1,22.6,5.17,0,6.8
49,1391,0.187,富人,45583.9,28825.2,0.6324,1,1,21.3,4.34,1,21.2
49,1392,0.187,富人,23379.0,874.2,0.0374,0,0,28.7,1.78,0,11.3
49,1393,0.187,富人,37202.3,9948.7,0.2674,0,0,27.9,1.8,0,12.6
49,1394,0.187,富人,45072.0,32799.8,0.7277,1,1,3.0,3.11,1,18.1
49,1395,0.187,富人,121723.1,47448.5,0.3898,0,0,26.5,2.07,0,17.4
49,1396,0.187,富人,24318.2,10094.1,0.4151,1,1,4.2,2.9,0,10.5
49,1397,0.187,富人,87046.1,58549.7,0.6726,1,1,5.5,3.46,0,18.4
49,1398,0.187,富人,128876.5,110672.8,0.8588,1,0,6.9,4.38,0,13.3
49,1399,0.187,富人,35581.5,4808.3,0.1351,0,0,29.6,2.17,0,14.1
49,1400,0.187,富人,43433.4,1492.2,0.0344,0,0,28.2,1.0,0,14.2
49,1401,0.187,富人,97083.5,15579.0,0.1605,0,0,29.8,2.12,0,17.4
49,1402,0.187,富人,15199.7,2988.5,0.1966,0,0,24.0,1.0,0,31.9
49,1403,0.187,富人,67464.0,7078.8,0.1049,0,0,26.8,1.0,0,33.0
49,1404,0.187,富人,18699.8,17730.9,0.9482,1,1,12.8,5.13,1,5.9
49,1405,0.187,富人,253569.8,12939.6,0.051,0,0,25.7,1.38,0,9.6
49,1406,0.187,富人,71171.5,9825.4,0.1381,0,0,24.9,1.0,0,15.7
49,1407,0.187,富人,70979.1,6028.4,0.0849,0,0,29.3,1.36,0,13.0
49,1408,0.187,富人,17141.4,15523.2,0.9056,1,1,21.2,5.15,0,8.7
49,1409,0.187,富人,91773.9,72123.8,0.7859,1,1,20.3,4.59,1,9.2
49,1410,0.187,富人,75639.7,6345.2,0.0839,0,0,24.2,1.0,0,4.5
49,1411,0.187,富人,75267.9,8539.1,0.1134,0,0,25.1,1.01,0,26.4
49,1412,0.187,富人,28396.4,25206.3,0.8877,1,1,4.0,4.58,0,8.0
49,1413,0.187,富人,15581.8,1380.8,0.0886,0,0,25.7,1.18,0,8.1
49,1414,0.187,富人,55382.1,18898.5,0.3412,0,0,28.5,1.92,0,14.6
49,1415,0.187,富人,25547.1,20579.5,0.8056,1,1,14.5,5.73,0,3.6
49,1416,0.187,富人,59454.1,13236.9,0.2226,0,0,24.6,1.0,0,4.3
49,1417,0.187,富人,30687.2,2580.2,0.0841,0,0,25.9,1.87,0,8.0
49,1418,0.187,富人,279873.2,236122.8,0.8437,1,0,23.1,5.54,1,3.9
49,1419,0.187,富人,102673.5,13881.1,0.1352,0,0,28.2,1.0,0,12.9
50,1420,0.437,中产,26431.3,3711.7,0.1404,0,0,28.2,2.73,0,9.6
50,1421,0.437,中产,29886.5,21699.6,0.7261,1,0,17.3,4.93,0,8.4
50,1422,0.437,中产,24450.9,18953.4,0.7752,1,1,0.5,4.55,0,3.5
50,1423,0.437,中产,36869.6,3696.6,0.1003,0,0,28.3,1.0,0,10.3
50,1424,0.437,中产,11449.8,10569.0,0.9231,1,0,13.6,5.88,1,11.5
50,1425,0.437,中产,52790.2,3722.9,0.0705,0,0,27.7,1.47,0,30.4
50,1426,0.437,中产,11445.6,3786.9,0.3309,0,0,25.9,1.79,0,21.8
50,1427,0.437,中产,7000.1,288.6,0.0412,0,0,26.0,1.0,0,7.7
50,1428,0.437,中产,18755.2,1391.5,0.0742,0,0,27.6,1.63,0,7.2
50,1429,0.437,中产,11114.7,10156.8,0.9138,1,0,23.2,4.46,0,10.7
50,1430,0.437,中产,8775.3,267.4,0.0305,0,0,27.9,1.0,0,38.8
50,1431,0.437,中产,25654.4,25072.1,0.9773,1,1,15.7,5.18,0,4.4
50,1432,0.437,中产,13620.6,2108.5,0.1548,0,0,27.7,2.33,0,22.0
50,1433,0.437,中产,27251.4,25290.1,0.928,1,0,4.3,5.14,1,3.9
50,1434,0.437,中产,6067.5,4914.7,0.81,1,1,4.0,4.3,0,16.6
50,1435,0.437,中产,39052.9,4810.6,0.1232,0,0,25.3,2.47,0,16.1
50,1436,0.437,中产,15906.0,580.2,0.0365,0,0,28.1,1.88,0,9.0
50,1437,0.437,中产,15095.6,1168.8,0.0774,0,0,24.9,2.17,0,16.0
50,1438,0.437,中产,16251.3,701.0,0.0431,0,0,28.6,1.0,0,8.5
50,1439,0.437,中产,11103.5,8044.3,0.7245,1,1,14.9,6.01,0,14.1
50,1440,0.437,中产,25583.8,8712.8,0.3406,0,0,28.2,1.5,0,9.8
51,1441,0.911,富人,25649.2,919.9,0.0359,0,0,24.5,2.07,0,11.8
51,1442,0.911,富人,98048.4,26031.8,0.2655,0,0,27.6,1.86,0,27.1
51,1443,0.911,富人,32571.3,3263.4,0.1002,0,0,29.8,3.53,0,23.2
51,1444,0.911,富人,81085.1,3120.2,0.0385,0,0,25.3,1.92,1,20.2
51,1445,0.911,富人,103019.3,1930.1,0.0187,0,0,30.0,1.0,0,39.9
51,1446,0.911,富人,61622.3,7171.6,0.1164,0,0,29.1,1.85,0,21.5
51,1447,0.911,富人,52747.4,30176.8,0.5721,1,0,11.2,4.17,0,12.0
51,1448,0.911,富人,53495.5,1968.3,0.0368,0,0,29.4,2.35,0,16.6
51,1449,0.911,富人,92828.3,3543.3,0.0382,0,0,25.0,2.32,0,10.6
51,1450,0.911,富人,37952.6,18853.2,0.4968,1,1,8.4,4.28,1,18.0
51,1451,0.911,富人,35300.3,2122.5,0.0601,0,0,24.0,1.54,0,17.9
51,1452,0.911,富人,60942.7,6639.7,0.1089,0,0,26.4,1.93,0,5.9
51,1453,0.911,富人,40673.8,13684.4,0.3364,0,0,29.2,3.13,0,20.2
51,1454,0.911,富人,80370.0,4512.3,0.0561,0,0,29.6,1.0,0,15.3
51,1455,0.911,富人,85133.4,54627.1,0.6417,1,1,10.9,4.69,1,6.8
51,1456,0.911,富人,51335.1,33757.1,0.6576,1,1,13.2,5.31,1,5.4
51,1457,0.911,富人,25241.8,1036.0,0.041,0,0,25.4,2.74,0,13.3
52,1458,0.509,中产,92276.5,4677.9,0.0507,0,0,25.1,1.0,0,4.1
52,1459,0.509,中产,19646.1,16464.4,0.8381,1,0,1.9,3.51,0,19.9
52,1460,0.509,中产,46981.8,8767.1,0.1866,0,0,28.4,1.0,0,10.4
52,1461,0.509,中产,31645.4,29363.5,0.9279,1,1,23.7,3.74,0,24.7
52,1462,0.509,中产,13022.9,1943.8,0.1493,0,0,25.8,1.0,0,7.1
52,1463,0.509,中产,18054.9,531.7,0.0295,0,0,25.3,1.0,1,27.5
52,1464,0.509,中产,31884.7,1960.9,0.0615,0,0,27.1,1.0,0,10.1
52,1465,0.509,中产,36922.5,4072.5,0.1103,0,0,25.1,1.0,0,35.8
52,1466,0.509,中产,88623.2,1908.3,0.0215,0,0,29.2,1.0,1,16.0
52,1467,0.509,中产,38625.8,5372.2,0.1391,0,0,26.8,1.0,0,18.4
52,1468,0.509,中产,28580.2,543.7,0.019,0,0,29.8,1.0,0,24.3
52,1469,0.509,中产,21288.4,838.3,0.0394,0,0,24.5,2.33,0,11.1
52,1470,0.509,中产,24099.1,12346.2,0.5123,1,0,11.3,1.97,0,8.7
52,1471,0.509,中产,12258.5,657.8,0.0537,0,0,26.6,1.0,0,13.8
52,1472,0.509,中产,17937.9,10880.4,0.6066,1,1,18.2,3.1,0,4.3
52,1473,0.509,中产,37172.5,6550.2,0.1762,0,0,30.0,1.0,0,32.4
52,1474,0.509,中产,15192.0,14322.7,0.9428,1,1,14.0,3.43,0,11.1
52,1475,0.509,中产,52751.0,44355.5,0.8408,1,1,21.4,4.86,0,2.5
52,1476,0.509,中产,21470.5,3045.1,0.1418,0,0,28.9,1.0,0,19.9
52,1477,0.509,中产,28713.7,4960.9,0.1728,0,0,26.0,1.0,0,12.8
52,1478,0.509,中产,69607.5,60438.3,0.8683,1,1,9.8,3.92,0,17.1
52,1479,0.509,中产,20105.6,2617.2,0.1302,0,0,24.3,1.0,0,7.1
52,1480,0.509,中产,8862.8,50.7,0.0057,0,0,27.9,1.0,0,20.8
52,1481,0.509,中产,19725.8,602.2,0.0305,0,0,27.3,1.0,0,17.9
52,1482,0.509,中产,18774.8,1496.9,0.0797,0,0,28.6,1.0,0,13.2
52,1483,0.509,中产,24979.4,6552.9,0.2623,0,0,26.6,1.53,0,46.5
52,1484,0.509,中产,39063.6,2805.2,0.0718,0,0,24.1,1.78,0,9.0
52,1485,0.509,中产,41155.8,8384.1,0.2037,0,0,26.3,1.08,0,12.0
52,1486,0.509,中产,14498.6,519.0,0.0358,0,0,25.7,1.0,0,5.2
52,1487,0.509,中产,11764.6,542.8,0.0461,0,0,26.0,1.0,0,18.8
52,1488,0.509,中产,20601.2,11273.7,0.5472,1,1,9.1,3.19,0,5.1
53,1489,0.649,中产,23859.2,8036.9,0.3368,0,0,28.9,1.78,0,26.4
53,1490,0.649,中产,19637.1,4401.2,0.2241,0,0,28.0,2.96,1,13.2
53,1491,0.649,中产,49929.2,1432.1,0.0287,0,0,28.4,1.29,0,21.7
53,1492,0.649,中产,31925.7,25102.3,0.7863,1,1,2.9,4.77,0,16.3
53,1493,0.649,中产,34823.7,2650.8,0.0761,0,0,26.9,2.35,0,11.0
53,1494,0.649,中产,11466.9,7737.3,0.6748,1,0,3.9,4.6,0,8.5
53,1495,0.649,中产,20249.3,15772.6,0.7789,1,0,7.4,3.15,0,19.7
53,1496,0.649,中产,54622.8,47621.1,0.8718,1,1,0.3,5.34,0,4.2
53,1497,0.649,中产,35906.1,1346.4,0.0375,0,0,24.3,1.31,0,9.3
53,1498,0.649,中产,32015.1,28229.8,0.8818,1,1,18.7,5.22,0,7.1
53,1499,0.649,中产,38008.1,1652.0,0.0435,0,0,29.3,1.48,0,11.0
53,1500,0.649,中产,33645.0,79.4,0.0024,0,0,26.0,2.3,0,13.5
53,1501,0.649,中产,68603.1,8866.8,0.1292,0,0,24.7,1.22,0,9.1
53,1502,0.649,中产,58248.7,7544.7,0.1295,0,0,28.1,1.0,0,15.1
53,1503,0.649,中产,64119.0,50810.7,0.7924,1,1,3.2,4.73,0,10.8
53,1504,0.649,中产,50363.3,5147.2,0.1022,0,0,28.0,3.57,0,6.4
53,1505,0.649,中产,12984.0,11225.6,0.8646,1,0,2.1,6.41,1,7.4
53,1506,0.649,中产,38468.5,1012.8,0.0263,0,0,28.0,1.21,0,6.2
53,1507,0.649,中产,20190.1,2913.8,0.1443,0,0,27.1,1.0,0,6.4
54,1508,0.651,富人,69179.4,11061.2,0.1599,0,0,29.7,1.0,0,14.1
54,1509,0.651,富人,35293.1,30979.7,0.8778,1,1,4.7,4.52,0,14.1
54,1510,0.651,富人,64403.6,60155.2,0.934,1,1,15.4,6.22,1,4.8
54,1511,0.651,富人,35720.2,4623.1,0.1294,0,0,27.8,1.1,0,26.9
54,1512,0.651,富人,76978.2,12968.6,0.1685,0,0,29.3,2.17,0,31.7
54,1513,0.651,富人,90009.6,54981.8,0.6108,0,0,29.1,3.7,0,20.0
54,1514,0.651,富人,55956.5,19810.1,0.354,0,0,27.9,2.28,0,7.7
54,1515,0.651,富人,55991.7,4383.1,0.0783,0,0,29.1,1.39,0,14.0
54,1516,0.651,富人,110532.5,82078.4,0.7426,1,1,24.0,4.67,0,13.3
54,1517,0.651,富人,72696.1,5773.9,0.0794,0,0,27.7,1.0,0,14.0
54,1518,0.651,富人,49730.0,8537.5,0.1717,0,0,27.9,1.0,0,19.5
54,1519,0.651,富人,106592.8,3075.7,0.0289,0,0,26.7,1.93,0,6.7
54,1520,0.651,富人,39089.4,29530.3,0.7555,1,1,22.5,3.7,0,16.8
54,1521,0.651,富人,128389.2,17749.3,0.1382,0,0,30.0,1.0,0,11.6
54,1522,0.651,富人,67825.2,10564.7,0.1558,0,0,28.1,1.4,0,25.0
54,1523,0.651,富人,31055.7,4382.7,0.1411,0,0,26.4,1.18,0,12.7
54,1524,0.651,富人,84652.6,73924.0,0.8733,1,0,1.3,4.82,0,10.4
54,1525,0.651,富人,59529.8,53186.1,0.8934,1,0,2.6,3.48,0,5.4
54,1526,0.651,富人,59005.9,4724.9,0.0801,0,0,29.8,2.21,0,7.0
54,1527,0.651,富人,56923.3,40592.6,0.7131,1,1,12.8,4.39,1,6.2
54,1528,0.651,富人,68588.7,41412.2,0.6038,1,1,18.4,5.7,0,3.0
54,1529,0.651,富人,45400.0,5762.9,0.1269,0,0,25.2,1.17,0,13.6
54,1530,0.651,富人,168300.1,6192.1,0.0368,0,0,26.6,1.0,0,16.1
54,1531,0.651,富人,66651.5,60416.8,0.9065,1,0,23.1,6.0,1,6.0
54,1532,0.651,富人,84007.7,24650.2,0.2934,0,0,28.7,1.0,0,31.1
54,1533,0.651,富人,30301.1,2306.3,0.0761,0,0,29.5,2.1,0,8.7
54,1534,0.651,富人,96319.4,4204.2,0.0436,0,0,25.0,1.36,0,18.7
54,1535,0.651,富人,91123.1,18740.0,0.2057,0,0,26.3,1.0,0,13.0
54,1536,0.651,富人,58255.3,6482.1,0.1113,0,0,24.2,1.0,0,12.2
54,1537,0.651,富人,44085.3,11664.8,0.2646,0,0,24.7,2.94,0,8.1
54,1538,0.651,富人,120611.8,6475.9,0.0537,0,0,29.7,1.12,0,8.2
54,1539,0.651,富人,96900.2,6885.7,0.0711,0,0,28.8,1.0,0,13.1
54,1540,0.651,富人,45977.6,28063.7,0.6104,1,1,11.6,3.85,0,3.6
54,1541,0.651,富人,20770.4,12522.8,0.6029,1,1,20.1,5.14,0,12.5
54,1542,0.651,富人,41363.2,1335.9,0.0323,0,0,28.4,1.22,0,11.2
54,1543,0.651,富人,63817.7,59278.9,0.9289,1,1,12.2,4.91,1,11.8
54,1544,0.651,富人,45034.0,15253.8,0.3387,0,0,29.9,2.63,0,22.8
54,1545,0.651,富人,31873.9,1767.0,0.0554,0,0,30.0,1.0,0,18.8
54,1546,0.651,富人,86176.4,11253.5,0.1306,0,0,28.8,1.0,0,12.2
55,1547,0.625,中产,15071.0,4638.6,0.3078,0,0,29.5,3.96,0,15.5
55,1548,0.625,中产,3986.9,1711.5,0.4293,0,0,27.9,3.01,0,39.2
55,1549,0.625,中产,7197.1,45.9,0.0064,0,0,28.4,2.17,0,12.1
55,1550,0.625,中产,14612.2,2123.8,0.1453,0,0,25.6,2.14,0,6.0
55,1551,0.625,中产,22929.2,6521.7,0.2844,0,0,25.0,2.62,0,28.3
55,1552,0.625,中产,22400.9,2479.7,0.1107,0,0,27.2,1.0,0,19.9
55,1553,0.625,中产,30240.1,6707.1,0.2218,0,0,27.8,4.22,0,35.3
55,1554,0.625,中产,17757.0,3004.5,0.1692,0,0,26.6,2.84,1,7.6
55,1555,0.625,中产,25406.0,23497.2,0.9249,1,0,6.2,6.7,1,3.4
55,1556,0.625,中产,24973.1,655.5,0.0262,0,0,24.5,1.3,0,11.5
55,1557,0.625,中产,30972.4,8186.0,0.2643,0,0,25.8,3.36,1,16.9
55,1558,0.625,中产,10081.9,8181.4,0.8115,1,1,5.1,6.41,0,5.0
55,1559,0.625,中产,25299.0,692.6,0.0274,0,0,25.2,3.27,0,24.3
55,1560,0.625,中产,7957.0,7143.3,0.8977,1,1,6.9,4.69,1,13.0
55,1561,0.625,中产,10080.8,3469.8,0.3442,0,0,24.4,3.18,0,11.8
55,1562,0.625,中产,23216.1,10468.1,0.4509,1,0,2.0,5.36,1,9.4
55,1563,0.625,中产,40387.8,911.4,0.0226,0,0,26.1,3.62,0,7.4
55,1564,0.625,中产,6318.0,3374.3,0.5341,1,1,17.8,5.8,1,13.3
55,1565,0.625,中产,39403.2,5403.1,0.1371,0,0,29.6,3.43,0,11.9
55,1566,0.625,中产,12324.5,11702.4,0.9495,1,1,23.9,6.41,1,5.5
55,1567,0.625,中产,32195.4,6126.1,0.1903,0,0,27.1,3.17,0,13.2
55,1568,0.625,中产,21425.6,19933.3,0.9304,1,1,21.8,7.52,1,4.3
55,1569,0.625,中产,27288.7,21959.5,0.8047,1,0,6.5,4.22,0,14.4
55,1570,0.625,中产,16807.8,14397.1,0.8566,1,0,19.9,6.02,0,6.1
55,1571,0.625,中产,17187.7,11118.6,0.6469,1,1,15.7,5.59,1,7.4
55,1572,0.625,中产,17182.4,13672.0,0.7957,1,0,12.7,6.79,1,5.5
55,1573,0.625,中产,30397.3,24808.8,0.8162,1,0,14.5,5.43,1,15.6
55,1574,0.625,中产,22632.1,4570.6,0.2019,0,0,28.4,3.49,0,16.2
55,1575,0.625,中产,36406.9,1901.8,0.0522,0,0,27.6,3.07,0,16.5
55,1576,0.625,中产,53887.0,4557.6,0.0846,0,0,28.8,3.65,1,22.0
55,1577,0.625,中产,15133.2,1297.3,0.0857,0,0,29.6,1.39,0,27.9
56,1578,0.423,穷人,20213.8,16144.1,0.7987,1,0,13.1,3.52,0,12.6
56,1579,0.423,穷人,20811.1,15732.1,0.7559,1,1,4.1,4.34,1,14.5
56,1580,0.423,穷人,17544.6,2381.1,0.1357,0,0,28.2,2.55,0,9.3
56,1581,0.423,穷人,2722.7,2112.1,0.7757,1,0,6.5,3.39,0,29.3
56,1582,0.423,穷人,5217.6,824.7,0.1581,0,0,24.9,1.04,0,15.9
56,1583,0.423,穷人,15692.4,423.2,0.027,0,0,28.5,1.43,0,9.7
56,1584,0.423,穷人,47554.9,39654.8,0.8339,1,1,18.0,4.45,0,15.4
56,1585,0.423,穷人,8437.2,7546.5,0.8944,1,1,10.9,6.03,0,3.0
56,1586,0.423,穷人,22006.9,20696.8,0.9405,1,1,5.1,4.83,0,6.2
56,1587,0.423,穷人,33145.1,26776.9,0.8079,1,1,20.8,5.48,1,5.6
56,1588,0.423,穷人,11336.4,3385.0,0.2986,0,0,24.9,3.06,0,27.8
56,1589,0.423,穷人,8393.8,742.7,0.0885,0,0,27.7,1.0,0,10.2
56,1590,0.423,穷人,8014.2,1135.8,0.1417,0,0,24.7,1.31,0,14.0
56,1591,0.423,穷人,13433.3,11490.6,0.8554,1,1,8.9,6.16,1,12.4
56,1592,0.423,穷人,12624.9,2415.4,0.1913,0,0,27.2,3.39,0,11.1
56,1593,0.423,穷人,42583.8,9720.3,0.2283,0,0,30.0,1.12,0,11.4
56,1594,0.423,穷人,22993.7,22801.6,0.9916,1,0,1.2,6.0,0,5.4
56,1595,0.423,穷人,6592.3,131.6,0.02,0,0,29.1,1.22,0,11.3
56,1596,0.423,穷人,6456.0,5923.9,0.9176,1,1,5.9,5.56,0,10.3
56,1597,0.423,穷人,3298.5,2103.7,0.6378,1,1,23.0,4.07,0,8.6
56,1598,0.423,穷人,7984.6,6925.0,0.8673,1,1,20.9,5.83,0,7.7
56,1599,0.423,穷人,11123.2,1066.9,0.0959,0,0,28.8,1.0,0,12.5
56,1600,0.423,穷人,5779.1,974.9,0.1687,0,0,24.3,1.65,0,23.6
56,1601,0.423,穷人,13171.8,60.7,0.0046,0,0,28.0,1.0,0,24.9
56,1602,0.423,穷人,12993.9,11206.4,0.8624,1,1,22.3,5.11,1,6.6
56,1603,0.423,穷人,9640.8,1599.6,0.1659,0,0,29.9,1.34,0,29.3
56,1604,0.423,穷人,14253.7,818.3,0.0574,0,0,28.9,1.0,0,10.3
56,1605,0.423,穷人,32077.7,2350.2,0.0733,0,0,27.7,1.13,0,45.6
56,1606,0.423,穷人,6472.0,5742.3,0.8873,1,1,16.6,5.22,1,5.0
56,1607,0.423,穷人,33891.1,2947.7,0.087,0,0,29.9,1.78,0,7.2
56,1608,0.423,穷人,22487.2,1149.6,0.0511,0,0,27.8,1.57,0,20.6
56,1609,0.423,穷人,14005.5,4808.2,0.3433,0,0,28.7,1.35,0,13.4
56,1610,0.423,穷人,3803.5,2718.3,0.7147,1,1,9.4,3.51,0,10.3
56,1611,0.423,穷人,17256.0,2450.6,0.142,0,0,27.5,1.52,0,5.0
56,1612,0.423,穷人,7920.4,7022.3,0.8866,1,1,4.4,4.94,0,15.6
56,1613,0.423,穷人,19341.8,17495.0,0.9045,1,0,1.0,3.53,0,16.2
56,1614,0.423,穷人,13541.9,75.3,0.0056,0,0,29.2,1.39,0,32.2
56,1615,0.423,穷人,18141.8,1921.7,0.1059,0,0,28.0,1.0,0,13.3
56,1616,0.423,穷人,21313.2,4431.6,0.2079,0,0,28.1,1.31,0,17.0
57,1617,0.193,中产,16690.0,2016.4,0.1208,0,0,26.4,3.56,0,13.1
57,1618,0.193,中产,23045.1,21979.0,0.9537,1,1,18.0,5.6,1,13.7
57,1619,0.193,中产,19560.0,16188.8,0.8276,1,1,14.4,5.74,1,12.1
57,1620,0.193,中产,27955.1,2295.7,0.0821,0,0,24.6,3.95,1,9.7
57,1621,0.193,中产,12277.6,10314.6,0.8401,1,1,19.3,5.29,0,12.5
57,1622,0.193,中产,16324.2,14273.5,0.8744,1,0,3.6,6.46,1,4.7
57,1623,0.193,中产,33956.3,5068.3,0.1493,0,0,27.9,2.8,0,19.6
57,1624,0.193,中产,15810.8,1614.8,0.1021,0,0,26.4,2.65,0,5.1
57,1625,0.193,中产,43239.8,12998.6,0.3006,0,0,29.5,3.04,0,13.8
57,1626,0.193,中产,14205.7,6307.0,0.444,1,1,9.4,4.8,0,11.1
57,1627,0.193,中产,15622.3,11740.4,0.7515,1,1,21.1,4.32,0,10.0
57,1628,0.193,中产,8503.4,7473.3,0.8789,1,0,12.2,7.16,0,4.5
57,1629,0.193,中产,11895.6,8414.9,0.7074,1,1,14.9,5.05,1,8.0
57,1630,0.193,中产,11761.8,1802.8,0.1533,0,0,29.5,1.82,0,12.6
57,1631,0.193,中产,11549.8,6065.7,0.5252,1,1,6.8,4.82,1,13.2
57,1632,0.193,中产,14282.9,284.4,0.0199,0,0,26.2,3.98,0,11.8
57,1633,0.193,中产,24573.0,20659.5,0.8407,1,1,1.6,5.91,1,4.3
57,1634,0.193,中产,12583.8,2893.9,0.23,0,0,29.1,2.62,0,25.3
57,1635,0.193,中产,23494.5,3140.1,0.1337,0,0,26.6,2.49,1,17.5
57,1636,0.193,中产,16503.0,2101.4,0.1273,0,0,29.4,2.83,0,18.5
57,1637,0.193,中产,20709.2,1744.9,0.0843,0,0,24.7,2.28,0,21.6
57,1638,0.193,中产,28311.6,6632.0,0.2343,0,0,28.4,2.67,0,18.6
57,1639,0.193,中产,14429.5,1761.2,0.1221,0,0,26.7,2.76,0,9.4
57,1640,0.193,中产,7724.3,6846.9,0.8864,1,1,21.2,7.41,1,2.4
57,1641,0.193,中产,16694.2,599.8,0.0359,0,0,27.2,1.33,0,15.9
57,1642,0.193,中产,16938.2,1003.4,0.0592,0,0,26.7,3.65,0,23.0
57,1643,0.193,中产,41100.5,5347.5,0.1301,0,0,24.8,3.22,0,6.3
57,1644,0.193,中产,10141.9,8108.2,0.7995,1,1,23.5,5.93,1,4.1
57,1645,0.193,中产,15208.0,12213.1,0.8031,1,0,7.6,4.96,0,4.4
57,1646,0.193,中产,20540.3,16806.9,0.8182,1,0,17.2,4.7,1,10.2
57,1647,0.193,中产,24012.8,829.8,0.0346,0,0,28.7,3.09,0,19.0
57,1648,0.193,中产,18028.8,16416.4,0.9106,1,0,18.0,5.58,0,8.7
57,1649,0.193,中产,16689.1,11575.9,0.6936,1,1,12.2,5.97,0,6.7
57,1650,0.193,中产,13526.5,10105.5,0.7471,1,1,9.4,4.98,1,7.0
57,1651,0.193,中产,12252.1,9136.9,0.7457,1,1,0.3,6.27,1,3.4
57,1652,0.193,中产,23843.6,19626.3,0.8231,1,1,21.0,6.17,1,7.7
57,1653,0.193,中产,16757.0,11360.1,0.6779,1,1,1.2,6.14,1,5.6
58,1654,0.663,富人,18611.0,7508.5,0.4034,1,1,15.4,3.26,0,14.8
58,1655,0.663,富人,51251.1,38202.8,0.7454,1,0,22.2,2.76,0,14.7
58,1656,0.663,富人,49341.8,2265.6,0.0459,0,0,25.8,1.0,0,18.9
58,1657,0.663,富人,32715.5,910.3,0.0278,0,0,25.0,1.0,0,9.6
58,1658,0.663,富人,17987.3,14977.1,0.8326,1,0,6.3,4.4,1,6.5
58,1659,0.663,富人,16061.4,2036.7,0.1268,0,0,29.2,1.0,0,6.1
58,1660,0.663,富人,25808.8,2195.6,0.0851,0,0,24.8,1.64,0,14.3
58,1661,0.663,富人,69224.2,861.7,0.0124,0,0,25.9,1.0,0,7.5
58,1662,0.663,富人,46861.3,11068.3,0.2362,0,0,27.6,1.09,0,11.9
58,1663,0.663,富人,9705.2,1496.4,0.1542,0,0,28.7,1.0,0,5.4
58,1664,0.663,富人,29272.9,6393.4,0.2184,0,0,28.5,2.07,0,17.0
58,1665,0.663,富人,22490.0,17077.9,0.7594,1,1,7.7,3.28,1,15.1
58,1666,0.663,富人,10386.3,8687.8,0.8365,1,1,9.1,4.04,0,14.3
58,1667,0.663,富人,38088.0,1895.9,0.0498,0,0,27.2,1.0,0,9.7
58,1668,0.663,富人,17438.3,1469.3,0.0843,0,0,25.6,1.0,0,9.4
58,1669,0.663,富人,83620.7,26302.8,0.3145,0,0,29.0,1.91,0,8.2
58,1670,0.663,富人,27523.8,223.4,0.0081,0,0,28.3,2.03,0,11.0
58,1671,0.663,富人,94838.4,15870.5,0.1673,0,0,27.0,1.08,0,21.2
59,1672,0.703,穷人,3220.8,207.0,0.0643,0,0,29.6,2.66,0,14.8
59,1673,0.703,穷人,6980.3,151.8,0.0217,0,0,25.2,1.0,0,29.1
59,1674,0.703,穷人,8404.8,240.9,0.0287,0,0,26.9,2.49,1,18.8
59,1675,0.703,穷人,3627.0,3480.2,0.9595,1,0,7.4,6.68,1,4.9
59,1676,0.703,穷人,8766.5,1443.2,0.1646,0,0,24.5,1.91,0,12.3
59,1677,0.703,穷人,3426.1,839.9,0.2452,0,0,27.4,2.49,0,3.2
59,1678,0.703,穷人,7030.2,417.6,0.0594,0,0,25.3,1.0,0,12.3
59,1679,0.703,穷人,8851.7,882.4,0.0997,0,0,27.8,3.15,0,9.7
59,1680,0.703,穷人,17780.2,225.4,0.0127,0,0,25.9,1.62,0,28.8
59,1681,0.703,穷人,11698.7,2991.7,0.2557,0,0,29.8,2.73,0,16.2
59,1682,0.703,穷人,9801.3,7380.0,0.753,1,1,15.2,5.75,1,10.7
59,1683,0.703,穷人,11285.4,10434.4,0.9246,1,0,5.7,5.72,0,14.2
59,1684,0.703,穷人,22341.9,4062.5,0.1818,0,0,28.2,2.57,0,21.2
59,1685,0.703,穷人,11801.2,2506.7,0.2124,0,0,28.5,1.41,0,28.7
59,1686,0.703,穷人,19697.6,16819.2,0.8539,1,0,18.3,4.21,0,8.0
59,1687,0.703,穷人,12286.6,770.8,0.0627,0,0,25.3,2.34,0,8.2
59,1688,0.703,穷人,21268.4,4194.3,0.1972,0,0,26.0,2.16,0,12.0
59,1689,0.703,穷人,1859.3,1726.5,0.9286,1,1,6.3,6.42,1,5.4
59,1690,0.703,穷人,34189.9,30874.8,0.903,1,1,9.8,6.32,0,9.1
59,1691,0.703,穷人,4537.6,2741.4,0.6041,1,0,14.1,3.97,0,22.8
59,1692,0.703,穷人,6072.4,5468.2,0.9005,1,0,21.1,5.35,0,8.2
59,1693,0.703,穷人,4193.8,301.9,0.072,0,0,27.6,2.23,0,5.8
59,1694,0.703,穷人,5998.0,3927.2,0.6548,1,1,14.6,4.82,0,16.9
59,1695,0.703,穷人,2981.5,242.9,0.0815,0,0,27.0,1.0,0,9.4
60,1696,0.188,富人,62284.2,12453.9,0.2,0,0,24.1,3.09,0,10.1
60,1697,0.188,富人,25251.8,5110.1,0.2024,0,0,25.4,2.22,0,7.0
60,1698,0.188,富人,35100.1,28167.2,0.8025,1,1,6.7,5.48,0,2.6
60,1699,0.188,富人,26142.2,3422.1,0.1309,0,0,27.3,1.3,0,15.7
60,1700,0.188,富人,29674.1,6503.3,0.2192,0,0,27.0,2.14,0,21.7
60,1701,0.188,富人,47865.6,9817.6,0.2051,0,0,28.2,1.0,0,13.9
60,1702,0.188,富人,24427.2,3790.7,0.1552,0,0,25.9,1.0,0,15.1
60,1703,0.188,富人,37681.4,30681.9,0.8142,1,1,8.6,3.78,0,22.8
60,1704,0.188,富人,23803.5,11645.6,0.4892,1,1,12.6,2.99,1,7.9
60,1705,0.188,富人,50978.8,38694.9,0.759,1,0,10.4,3.47,0,7.4
60,1706,0.188,富人,24371.2,19509.9,0.8005,1,1,4.3,4.31,1,5.9
60,1707,0.188,富人,48148.8,4252.0,0.0883,0,0,27.8,1.0,0,15.4
60,1708,0.188,富人,12062.4,11235.5,0.9314,1,1,8.5,5.94,1,7.3
60,1709,0.188,富人,43254.6,31947.6,0.7386,1,0,13.7,5.16,0,2.6
60,1710,0.188,富人,21695.7,1243.6,0.0573,0,0,25.2,1.95,0,24.3
60,1711,0.188,富人,27747.1,2690.5,0.097,0,0,25.2,2.0,0,8.0
60,1712,0.188,富人,29900.1,20547.2,0.6872,1,1,10.7,4.28,0,12.0
60,1713,0.188,富人,70763.0,55469.7,0.7839,1,0,13.4,2.84,0,5.4
60,1714,0.188,富人,58326.9,3604.6,0.0618,0,0,24.8,1.56,0,22.2
60,1715,0.188,富人,45402.1,29888.7,0.6583,1,1,1.7,5.27,1,21.7
60,1716,0.188,富人,32811.7,11573.2,0.3527,0,0,28.7,1.57,0,20.4
60,1717,0.188,富人,38419.8,24164.3,0.629,1,0,16.9,3.43,0,10.1
60,1718,0.188,富人,76805.8,40174.8,0.5231,1,1,8.3,5.18,0,5.1
60,1719,0.188,富人,39794.5,24259.1,0.6096,1,0,21.8,2.91,0,23.1
60,1720,0.188,富人,53049.9,986.4,0.0186,0,0,27.6,2.37,0,15.5
60,1721,0.188,富人,59083.3,57074.6,0.966,1,1,13.8,6.85,1,7.3
60,1722,0.188,富人,16997.1,13342.9,0.785,1,0,16.2,4.14,0,6.5
60,1723,0.188,富人,38145.0,9734.3,0.2552,0,0,26.9,1.45,0,14.0
60,1724,0.188,富人,47055.1,11456.8,0.2435,0,0,27.6,1.0,0,13.2
60,1725,0.188,富人,26517.5,23668.6,0.8926,1,1,11.4,6.07,1,3.7
60,1726,0.188,富人,32530.1,26372.7,0.8107,1,1,15.7,4.11,0,11.4
60,1727,0.188,富人,13065.3,1425.0,0.1091,0,0,24.1,1.0,0,20.4
60,1728,0.188,富人,46947.6,7488.5,0.1595,0,0,25.1,2.35,0,27.1
60,1729,0.188,富人,15297.8,1672.8,0.1093,0,0,24.1,1.0,0,17.8
60,1730,0.188,富人,32887.9,6495.7,0.1975,0,0,27.5,2.82,0,9.8
61,1731,0.893,穷人,7170.6,745.9,0.104,0,0,27.4,1.0,0,13.4
61,1732,0.893,穷人,26799.2,2140.5,0.0799,0,0,25.9,1.71,0,20.8
61,1733,0.893,穷人,34506.9,3331.1,0.0965,0,0,27.1,1.0,0,10.3
61,1734,0.893,穷人,9916.6,1058.8,0.1068,0,0,26.2,1.92,0,6.9
61,1735,0.893,穷人,26404.9,25949.0,0.9827,1,1,20.3,6.13,1,4.5
61,1736,0.893,穷人,8146.9,7617.2,0.935,1,1,10.0,4.7,0,6.9
61,1737,0.893,穷人,11098.1,9941.0,0.8957,1,1,15.3,6.34,1,4.0
61,1738,0.893,穷人,8932.6,998.7,0.1118,0,0,29.9,1.53,1,14.2
61,1739,0.893,穷人,7685.3,5759.9,0.7495,1,0,12.7,4.43,1,11.9
61,1740,0.893,穷人,49287.2,8603.0,0.1745,0,0,28.7,1.14,0,14.8
61,1741,0.893,穷人,24990.9,4267.3,0.1708,0,0,27.8,1.0,0,12.6
61,1742,0.893,穷人,23669.0,212.4,0.009,0,0,24.6,1.0,0,25.8
61,1743,0.893,穷人,19103.3,4097.8,0.2145,0,0,25.9,1.19,0,29.4
61,1744,0.893,穷人,34592.5,19355.3,0.5595,1,1,21.1,1.77,0,20.0
61,1745,0.893,穷人,11524.6,2509.3,0.2177,0,0,29.6,2.21,0,14.3
61,1746,0.893,穷人,37045.7,12277.9,0.3314,0,0,26.3,1.39,0,14.1
61,1747,0.893,穷人,21087.2,10453.7,0.4957,0,0,29.5,1.0,0,17.9
61,1748,0.893,穷人,6346.1,92.4,0.0146,0,0,27.5,1.42,0,5.3
61,1749,0.893,穷人,7943.5,7474.2,0.9409,1,0,16.3,4.7,1,10.8
61,1750,0.893,穷人,43174.3,1482.6,0.0343,0,0,24.1,1.0,0,5.6
61,1751,0.893,穷人,6772.1,759.2,0.1121,0,0,25.9,1.0,0,20.6
61,1752,0.893,穷人,28068.3,1123.7,0.04,0,0,29.7,1.0,0,11.9
61,1753,0.893,穷人,11533.9,8799.2,0.7629,1,1,9.7,4.34,0,8.3
62,1754,0.042,富人,34881.1,32781.6,0.9398,1,1,6.6,7.27,1,5.5
62,1755,0.042,富人,185914.0,27761.5,0.1493,0,0,26.4,1.48,0,7.5
62,1756,0.042,富人,61838.9,2997.7,0.0485,0,0,27.8,2.11,0,30.6
62,1757,0.042,富人,79880.2,7185.7,0.09,0,0,27.6,1.1,0,9.1
62,1758,0.042,富人,22185.5,5953.0,0.2683,0,0,25.3,1.99,0,28.0
62,1759,0.042,富人,60847.2,5780.1,0.095,0,0,29.1,1.29,0,16.3
62,1760,0.042,富人,64694.0,44905.8,0.6941,1,1,19.5,5.27,1,9.2
62,1761,0.042,富人,95129.9,71820.1,0.755,1,0,20.4,4.71,0,20.0
62,1762,0.042,富人,17995.1,16105.8,0.895,1,1,22.8,3.84,0,7.8
62,1763,0.042,富人,34626.9,25346.2,0.732,1,1,10.0,5.76,0,6.2
62,1764,0.042,富人,44363.8,6635.6,0.1496,0,0,26.8,1.77,0,18.1
62,1765,0.042,富人,27244.6,20843.6,0.7651,1,0,12.9,4.02,0,18.7
62,1766,0.042,富人,18725.5,16423.8,0.8771,1,1,6.2,5.38,0,4.3
62,1767,0.042,富人,72055.9,43722.9,0.6068,1,0,2.3,5.02,0,8.4
62,1768,0.042,富人,46710.7,9028.0,0.1933,0,0,27.7,1.54,0,10.1
62,1769,0.042,富人,42554.2,30947.9,0.7273,1,1,22.8,4.72,0,5.9
62,1770,0.042,富人,76012.1,3775.8,0.0497,0,0,28.3,1.28,0,28.1
62,1771,0.042,富人,15634.1,15370.1,0.9831,1,0,7.2,4.57,1,10.8
62,1772,0.042,富人,31950.0,21240.4,0.6648,1,1,18.9,5.67,1,3.1
62,1773,0.042,富人,20670.3,18831.7,0.9111,1,0,19.3,5.51,1,8.2
62,1774,0.042,富人,29559.1,18956.6,0.6413,1,0,14.0,2.98,0,6.9
62,1775,0.042,富人,60839.5,26089.2,0.4288,0,0,26.5,1.61,0,7.4
63,1776,0.064,穷人,4465.2,3857.4,0.8639,1,1,19.3,6.45,1,4.0
63,1777,0.064,穷人,1496.6,216.1,0.1444,0,0,29.6,3.63,0,9.4
63,1778,0.064,穷人,5258.6,2909.1,0.5532,1,1,21.0,5.4,1,6.3
63,1779,0.064,穷人,1930.4,1772.8,0.9184,1,1,0.3,5.34,0,5.0
63,1780,0.064,穷人,5195.8,4801.4,0.9241,1,1,20.8,5.67,0,5.2
63,1781,0.064,穷人,16771.7,877.5,0.0523,0,0,25.7,2.52,0,11.0
63,1782,0.064,穷人,6298.1,4687.3,0.7442,1,1,0.9,4.93,0,7.1
63,1783,0.064,穷人,3164.3,27.8,0.0088,0,0,26.5,1.0,0,25.5
63,1784,0.064,穷人,7750.8,5593.1,0.7216,1,1,19.7,5.86,1,8.7
63,1785,0.064,穷人,9796.2,5731.1,0.585,1,1,19.7,3.63,1,11.9
63,1786,0.064,穷人,3845.1,661.8,0.1721,0,0,26.8,4.36,1,11.1
63,1787,0.064,穷人,5499.9,1770.7,0.322,0,0,25.5,2.04,0,11.1
63,1788,0.064,穷人,2666.8,193.2,0.0724,0,0,27.4,1.85,0,13.8
63,1789,0.064,穷人,2443.3,313.6,0.1284,0,0,26.9,2.45,0,9.6
63,1790,0.064,穷人,6411.4,454.0,0.0708,0,0,29.4,1.01,0,6.8
63,1791,0.064,穷人,3336.7,805.6,0.2414,0,0,27.4,2.73,0,9.8
63,1792,0.064,穷人,9555.1,7221.6,0.7558,1,0,12.1,6.08,0,6.8
63,1793,0.064,穷人,2224.7,2090.8,0.9399,1,1,9.4,7.23,1,7.6
63,1794,0.064,穷人,6199.3,4712.8,0.7602,1,1,6.2,6.81,1,6.4
63,1795,0.064,穷人,12575.4,11625.3,0.9245,1,1,15.8,8.07,1,3.8
63,1796,0.064,穷人,1633.0,51.2,0.0314,0,0,27.8,1.5,0,21.5
63,1797,0.064,穷人,5807.7,5259.5,0.9056,1,1,8.9,5.96,1,6.3
63,1798,0.064,穷人,5564.8,890.5,0.16,0,0,27.3,3.32,0,17.0
63,1799,0.064,穷人,7990.2,2640.6,0.3305,0,0,24.1,3.29,0,20.1
63,1800,0.064,穷人,3532.2,574.0,0.1625,0,0,25.0,1.88,0,8.6
63,1801,0.064,穷人,7002.9,4016.9,0.5736,1,0,3.2,5.68,1,8.1
63,1802,0.064,穷人,3355.3,398.4,0.1187,0,0,27.3,3.22,0,20.8
63,1803,0.064,穷人,2337.4,1874.7,0.802,1,1,23.2,5.91,1,8.5
63,1804,0.064,穷人,2350.3,1684.3,0.7167,1,0,1.4,4.18,0,8.5
63,1805,0.064,穷人,2311.7,296.0,0.128,0,0,27.8,3.54,0,7.2
63,1806,0.064,穷人,3863.5,814.0,0.2107,0,0,29.9,1.95,0,7.5
63,1807,0.064,穷人,13762.8,2280.1,0.1657,0,0,26.4,4.06,0,15.7
63,1808,0.064,穷人,9023.4,1109.8,0.123,0,0,29.3,2.3,0,18.6
63,1809,0.064,穷人,17010.5,342.0,0.0201,0,0,28.7,1.0,0,7.3
63,1810,0.064,穷人,13674.9,2003.1,0.1465,0,0,24.2,2.17,0,22.4
64,1811,0.197,穷人,6111.7,4847.9,0.7932,1,0,11.3,4.39,0,3.7
64,1812,0.197,穷人,17963.8,2471.9,0.1376,0,0,25.3,1.0,0,6.6
64,1813,0.197,穷人,37410.5,33842.6,0.9046,1,1,5.3,4.76,0,7.9
64,1814,0.197,穷人,9105.8,8696.9,0.9551,1,1,14.9,5.14,0,12.5
64,1815,0.197,穷人,12191.1,1745.1,0.1431,0,0,24.6,1.0,0,15.0
64,1816,0.197,穷人,18827.6,4531.0,0.2407,0,0,24.3,1.0,0,15.4
64,1817,0.197,穷人,5307.8,578.9,0.1091,0,0,29.2,1.76,0,22.4
64,1818,0.197,穷人,43579.4,12493.1,0.2867,0,0,25.3,2.04,0,6.9
64,1819,0.197,穷人,14625.4,1329.7,0.0909,0,0,26.0,1.83,0,15.9
64,1820,0.197,穷人,7959.5,964.8,0.1212,0,0,26.6,1.0,0,20.6
64,1821,0.197,穷人,8247.7,5874.3,0.7122,1,1,17.8,4.53,0,11.8
64,1822,0.197,穷人,4448.7,582.5,0.1309,0,0,26.6,2.08,0,26.1
64,1823,0.197,穷人,12204.9,4049.6,0.3318,1,1,20.5,3.34,0,10.1
64,1824,0.197,穷人,47036.1,36576.3,0.7776,1,1,18.0,4.53,1,3.0
64,1825,0.197,穷人,5116.6,2587.7,0.5058,1,1,2.6,3.2,0,16.9
64,1826,0.197,穷人,4973.7,4336.3,0.8719,1,0,20.3,3.41,1,10.5
64,1827,0.197,穷人,15688.9,5402.3,0.3443,0,0,26.7,1.49,0,7.4
64,1828,0.197,穷人,7720.8,7095.2,0.919,1,0,15.5,3.15,1,16.6
64,1829,0.197,穷人,32821.7,3162.9,0.0964,0,0,25.0,1.82,0,26.9
64,1830,0.197,穷人,13287.3,919.4,0.0692,0,0,25.7,1.0,0,19.6
64,1831,0.197,穷人,26835.4,4649.3,0.1733,0,0,28.1,1.95,0,14.6
65,1832,0.374,穷人,2643.0,2110.2,0.7984,1,1,3.6,2.93,0,22.2
65,1833,0.374,穷人,10021.7,863.5,0.0862,0,0,24.6,1.0,0,16.3
65,1834,0.374,穷人,15195.2,8771.4,0.5772,1,1,6.5,4.69,1,10.1
65,1835,0.374,穷人,3473.4,3250.1,0.9357,1,0,9.6,2.11,0,38.6
65,1836,0.374,穷人,9541.4,2063.4,0.2163,0,0,24.3,1.0,0,15.3
65,1837,0.374,穷人,6824.3,900.2,0.1319,0,0,29.8,1.0,0,10.2
65,1838,0.374,穷人,11932.2,3693.9,0.3096,0,0,28.5,1.0,0,13.2
65,1839,0.374,穷人,10287.3,354.3,0.0344,0,0,28.1,1.0,0,5.4
65,1840,0.374,穷人,10040.6,1092.8,0.1088,0,0,24.8,1.0,0,27.5
65,1841,0.374,穷人,3358.0,458.6,0.1366,0,0,28.1,1.06,0,11.4
65,1842,0.374,穷人,6592.5,3156.1,0.4787,1,1,9.3,2.65,0,12.8
65,1843,0.374,穷人,5460.9,481.0,0.0881,0,0,27.9,1.0,0,6.6
65,1844,0.374,穷人,15442.5,5557.6,0.3599,0,0,24.6,1.0,0,28.9
65,1845,0.374,穷人,4047.9,3557.3,0.8788,1,0,4.0,4.36,1,23.4
65,1846,0.374,穷人,6827.5,322.0,0.0472,0,0,29.7,1.0,0,12.4
65,1847,0.374,穷人,3427.1,2675.8,0.7808,1,0,7.8,3.01,0,8.9
65,1848,0.374,穷人,4398.9,2909.2,0.6614,1,1,19.1,4.78,0,12.6
65,1849,0.374,穷人,8950.2,812.0,0.0907,0,0,29.6,1.4,0,16.4
65,1850,0.374,穷人,4646.6,107.2,0.0231,0,0,25.3,1.0,0,13.1
65,1851,0.374,穷人,1978.2,1446.9,0.7314,1,1,6.5,3.79,0,10.2
65,1852,0.374,穷人,10630.9,805.5,0.0758,0,0,24.5,1.0,0,19.0
65,1853,0.374,穷人,6727.7,4918.0,0.731,1,1,19.0,3.37,0,32.2
65,1854,0.374,穷人,12645.4,3633.7,0.2874,0,0,24.3,1.0,0,11.0
65,1855,0.374,穷人,9267.4,1514.7,0.1634,0,0,25.1,1.0,0,7.2
65,1856,0.374,穷人,4089.4,3154.5,0.7714,1,1,16.2,4.77,1,8.3
65,1857,0.374,穷人,9483.1,1757.6,0.1853,0,0,26.9,1.0,0,22.6
65,1858,0.374,穷人,8259.7,6128.9,0.742,1,1,23.9,4.34,1,13.2
65,1859,0.374,穷人,20398.1,1754.2,0.086,0,0,28.2,1.0,0,12.3
65,1860,0.374,穷人,7267.8,4317.0,0.594,1,0,22.4,3.11,0,12.0
65,1861,0.374,穷人,5844.0,4884.8,0.8359,1,1,7.1,3.73,0,11.7
65,1862,0.374,穷人,5488.0,4095.6,0.7463,1,1,18.9,3.43,0,15.8
65,1863,0.374,穷人,15632.4,15098.1,0.9658,1,0,1.7,5.6,1,8.2
65,1864,0.374,穷人,8408.5,1821.2,0.2166,0,0,28.3,1.0,0,18.1
65,1865,0.374,穷人,22295.2,5871.1,0.2633,0,0,25.9,1.0,0,22.8
65,1866,0.374,穷人,3760.1,582.8,0.155,0,0,24.5,1.04,0,19.0
65,1867,0.374,穷人,4348.3,1246.8,0.2867,0,0,26.2,1.67,0,13.9
65,1868,0.374,穷人,4719.8,1153.5,0.2444,0,0,24.7,1.0,0,13.7
66,1869,0.521,穷人,61715.0,57895.4,0.9381,1,1,7.1,6.41,0,4.5
66,1870,0.521,穷人,15601.4,4841.4,0.3103,0,0,25.2,3.14,0,10.5
66,1871,0.521,穷人,39123.5,36276.1,0.9272,1,1,10.7,6.46,1,5.5
66,1872,0.521,穷人,25832.3,3103.9,0.1202,0,0,24.7,1.28,0,11.6
66,1873,0.521,穷人,6758.9,136.1,0.0201,0,0,25.0,1.0,0,11.5
66,1874,0.521,穷人,41844.6,15165.8,0.3624,0,0,29.0,3.58,1,6.4
66,1875,0.521,穷人,8026.2,947.3,0.118,0,0,26.2,1.86,1,9.0
66,1876,0.521,穷人,22588.8,19484.6,0.8626,1,1,3.8,6.01,1,3.6
66,1877,0.521,穷人,19142.8,16933.0,0.8846,1,1,22.1,4.6,0,11.7
66,1878,0.521,穷人,8795.1,1306.4,0.1485,0,0,26.7,1.0,0,11.3
66,1879,0.521,穷人,23504.4,64.9,0.0028,0,0,27.0,1.0,0,14.7
66,1880,0.521,穷人,46110.1,44071.6,0.9558,1,1,23.4,6.57,1,9.0
66,1881,0.521,穷人,21662.6,4086.8,0.1887,0,0,24.6,1.05,0,11.4
66,1882,0.521,穷人,7835.1,2607.4,0.3328,0,0,28.6,3.11,0,10.2
66,1883,0.521,穷人,20812.0,1147.6,0.0551,0,0,25.9,1.06,0,20.3
66,1884,0.521,穷人,8244.9,6326.7,0.7673,1,0,7.5,4.8,1,17.2
66,1885,0.521,穷人,10640.0,1329.4,0.1249,0,0,27.6,1.67,0,7.7
66,1886,0.521,穷人,9675.7,7574.0,0.7828,1,1,3.9,3.71,0,18.9
66,1887,0.521,穷人,16405.1,1859.5,0.1133,0,0,29.8,1.05,0,5.3
66,1888,0.521,穷人,16086.0,3029.5,0.1883,0,0,26.5,2.62,0,16.1
66,1889,0.521,穷人,10845.0,3928.1,0.3622,1,1,5.4,2.36,1,11.6
66,1890,0.521,穷人,17859.6,506.8,0.0284,0,0,25.6,1.0,0,20.2
66,1891,0.521,穷人,25136.0,3746.7,0.1491,0,0,24.9,1.69,0,12.4
66,1892,0.521,穷人,13214.1,2541.3,0.1923,0,0,25.9,2.46,0,11.3
66,1893,0.521,穷人,4312.2,2230.2,0.5172,1,1,20.0,5.54,1,18.2
66,1894,0.521,穷人,17908.3,15371.2,0.8583,1,0,18.7,3.6,0,18.1
66,1895,0.521,穷人,7163.9,266.0,0.0371,0,0,26.0,1.42,0,13.2
66,1896,0.521,穷人,7873.8,938.9,0.1192,0,0,25.0,1.0,0,12.8
66,1897,0.521,穷人,7810.9,292.2,0.0374,0,0,29.8,1.24,0,8.9
66,1898,0.521,穷人,8885.2,972.9,0.1095,0,0,29.3,2.28,0,4.5
66,1899,0.521,穷人,21814.1,6239.5,0.286,0,0,29.6,3.64,0,28.9
66,1900,0.521,穷人,14130.5,1331.9,0.0943,0,0,29.7,1.5,0,12.3
66,1901,0.521,穷人,3748.5,301.0,0.0803,0,0,25.7,1.8,0,11.9
66,1902,0.521,穷人,16554.7,944.5,0.0571,0,0,24.4,1.58,0,18.6
66,1903,0.521,穷人,32833.7,28448.0,0.8664,1,0,5.1,3.44,0,26.8
66,1904,0.521,穷人,5016.1,727.3,0.145,0,0,25.8,2.57,0,14.1
66,1905,0.521,穷人,10357.9,10216.3,0.9863,1,1,1.0,7.31,1,11.5
66,1906,0.521,穷人,29747.7,778.5,0.0262,0,0,24.6,1.22,0,21.6
67,1907,0.458,中产,15659.7,227.4,0.0145,0,0,28.8,1.0,0,10.2
67,1908,0.458,中产,14690.3,13645.9,0.9289,1,1,15.1,4.84,0,5.5
67,1909,0.458,中产,15057.4,3758.2,0.2496,0,0,26.8,1.46,0,11.3
67,1910,0.458,中产,118210.3,11293.3,0.0955,0,0,29.3,1.0,0,13.0
67,1911,0.458,中产,24692.3,21860.6,0.8853,1,1,21.6,4.84,1,15.0
67,1912,0.458,中产,59029.5,7112.9,0.1205,0,0,27.7,2.31,0,9.3
67,1913,0.458,中产,33729.1,21240.4,0.6297,1,0,2.3,3.62,0,20.2
67,1914,0.458,中产,32907.5,1101.8,0.0335,0,0,28.5,1.0,0,14.7
67,1915,0.458,中产,53296.2,40489.9,0.7597,1,1,18.7,4.67,0,8.8
67,1916,0.458,中产,7904.2,454.9,0.0575,0,0,29.7,1.0,0,14.0
67,1917,0.458,中产,56967.5,2352.8,0.0413,0,0,29.1,1.0,0,8.5
67,1918,0.458,中产,18167.2,2097.8,0.1155,0,0,28.5,1.1,0,11.6
67,1919,0.458,中产,16716.0,3765.3,0.2253,0,0,26.6,1.7,0,18.0
67,1920,0.458,中产,26372.9,24182.2,0.9169,1,1,12.8,3.95,1,7.8
67,1921,0.458,中产,16929.1,11906.7,0.7033,1,1,10.8,3.62,0,6.3
67,1922,0.458,中产,10407.1,956.5,0.0919,0,0,24.4,1.0,0,10.3
67,1923,0.458,中产,13667.1,8735.9,0.6392,1,1,7.0,3.51,0,10.2
67,1924,0.458,中产,61380.3,6708.5,0.1093,0,0,28.4,1.0,0,24.7
67,1925,0.458,中产,11710.1,1920.9,0.164,0,0,25.0,2.09,0,11.2
67,1926,0.458,中产,19174.8,2427.1,0.1266,0,0,26.8,1.58,0,10.1
67,1927,0.458,中产,23090.7,19073.2,0.826,1,0,12.3,3.75,0,9.3
67,1928,0.458,中产,17830.5,1003.8,0.0563,0,0,29.5,1.0,0,32.0
67,1929,0.458,中产,49324.3,3316.4,0.0672,0,0,26.1,1.0,0,15.8
67,1930,0.458,中产,29109.8,6403.2,0.22,0,0,29.5,1.0,0,7.4
67,1931,0.458,中产,17401.6,15026.0,0.8635,1,1,18.0,4.92,0,4.9
68,1932,0.519,中产,9853.5,6800.3,0.6901,1,0,19.6,3.47,0,13.3
68,1933,0.519,中产,18793.9,14041.8,0.7471,1,1,22.0,4.37,0,5.9
68,1934,0.519,中产,12406.0,12034.9,0.9701,1,1,0.0,5.01,0,10.0
68,1935,0.519,中产,10915.8,744.0,0.0682,0,0,25.3,1.0,0,15.5
68,1936,0.519,中产,19169.4,3645.0,0.1901,0,0,29.8,1.17,0,11.0
68,1937,0.519,中产,18856.0,15366.0,0.8149,1,1,11.2,4.17,0,14.3
68,1938,0.519,中产,4193.6,1082.3,0.2581,0,0,27.3,1.61,0,17.3
68,1939,0.519,中产,37800.7,30954.5,0.8189,1,1,2.9,5.84,1,2.0
68,1940,0.519,中产,13267.1,7790.4,0.5872,1,1,19.2,3.72,0,18.2
68,1941,0.519,中产,28695.9,25771.8,0.8981,1,0,7.1,5.28,1,4.8
68,1942,0.519,中产,36210.6,10141.0,0.2801,0,0,27.3,1.28,0,11.7
68,1943,0.519,中产,19975.2,2135.1,0.1069,0,0,25.5,1.0,0,11.9
68,1944,0.519,中产,63201.1,7505.6,0.1188,0,0,25.7,1.86,0,9.3
68,1945,0.519,中产,28687.9,1001.4,0.0349,0,0,26.9,2.22,0,10.0
68,1946,0.519,中产,26925.9,4976.5,0.1848,0,0,28.7,2.0,0,14.4
68,1947,0.519,中产,22833.8,4319.1,0.1892,0,0,28.9,1.0,0,10.2
69,1948,0.368,中产,17887.0,3828.9,0.2141,0,0,25.3,2.27,0,42.9
69,1949,0.368,中产,32565.5,6103.6,0.1874,0,0,24.4,1.0,0,20.2
69,1950,0.368,中产,10971.7,2667.1,0.2431,0,0,29.9,1.96,0,19.1
69,1951,0.368,中产,12667.5,8796.4,0.6944,1,1,17.4,4.11,0,10.8
69,1952,0.368,中产,24890.0,15608.3,0.6271,1,1,18.4,4.54,1,12.1
69,1953,0.368,中产,16970.7,14393.4,0.8481,1,1,12.7,5.97,1,5.6
69,1954,0.368,中产,14651.5,1098.7,0.075,0,0,28.6,1.52,0,12.9
69,1955,0.368,中产,36642.8,5503.9,0.1502,0,0,25.3,2.39,0,25.5
69,1956,0.368,中产,48881.0,28350.3,0.58,1,0,5.9,2.71,0,7.7
69,1957,0.368,中产,6690.6,5821.0,0.87,1,1,17.6,4.83,0,7.4
69,1958,0.368,中产,8345.7,967.8,0.116,0,0,29.6,1.0,0,11.2
69,1959,0.368,中产,29623.8,7143.5,0.2411,0,0,24.7,1.19,0,18.6
69,1960,0.368,中产,4080.3,982.1,0.2407,0,0,27.6,1.0,0,6.8
69,1961,0.368,中产,18783.8,5600.4,0.2981,0,0,27.6,1.92,0,20.4
69,1962,0.368,中产,34317.9,22656.4,0.6602,1,0,5.7,4.34,0,22.5
69,1963,0.368,中产,37091.1,4378.6,0.1181,0,0,24.6,1.0,0,15.0
69,1964,0.368,中产,20844.6,1065.6,0.0511,0,0,27.2,1.0,0,17.7
69,1965,0.368,中产,28160.1,3903.6,0.1386,0,0,27.9,1.93,0,22.0
69,1966,0.368,中产,16911.9,6104.9,0.361,0,0,26.0,2.26,0,13.7
69,1967,0.368,中产,41481.4,28077.1,0.6769,1,1,22.7,3.85,0,9.4
69,1968,0.368,中产,24468.9,17513.9,0.7158,1,1,3.0,4.8,0,10.2
69,1969,0.368,中产,25068.8,22526.4,0.8986,1,1,21.0,5.05,0,7.7
69,1970,0.368,中产,23523.2,14627.4,0.6218,1,1,10.7,3.64,0,28.5
69,1971,0.368,中产,41320.6,38161.5,0.9235,1,1,9.5,4.81,1,7.9
69,1972,0.368,中产,8877.0,6485.7,0.7306,1,1,20.8,4.7,1,11.2
69,1973,0.368,中产,14529.2,6129.1,0.4218,0,0,27.2,2.67,0,6.0
69,1974,0.368,中产,15064.8,13979.6,0.928,1,1,22.4,4.63,0,11.4
69,1975,0.368,中产,25763.1,4716.7,0.1831,0,0,27.6,1.81,0,11.8
69,1976,0.368,中产,32785.7,4683.1,0.1428,0,0,26.6,1.0,0,30.9
70,1977,0.843,中产,32673.6,21597.5,0.661,1,1,3.7,3.85,0,11.0
70,1978,0.843,中产,9590.7,4098.1,0.4273,0,0,27.5,1.41,0,9.1
70,1979,0.843,中产,11656.1,2360.6,0.2025,0,0,28.8,1.23,0,3.7
70,1980,0.843,中产,51878.1,21995.4,0.424,0,0,28.6,1.0,0,21.4
70,1981,0.843,中产,37632.4,21815.8,0.5797,1,0,5.5,1.0,0,20.7
70,1982,0.843,中产,26760.6,3643.8,0.1362,0,0,29.1,1.0,0,11.4
70,1983,0.843,中产,15709.6,3010.5,0.1916,0,0,26.4,1.0,0,15.0
70,1984,0.843,中产,16005.3,4796.5,0.2997,0,0,29.7,1.0,0,12.7
70,1985,0.843,中产,12721.0,816.1,0.0642,0,0,24.7,1.0,0,11.5
70,1986,0.843,中产,13139.3,2421.9,0.1843,0,0,28.7,1.0,0,16.5
70,1987,0.843,中产,9371.8,986.8,0.1053,0,0,26.9,1.0,0,13.4
70,1988,0.843,中产,10647.4,1076.1,0.1011,0,0,25.9,1.0,0,11.0
70,1989,0.843,中产,9077.4,947.7,0.1044,0,0,26.7,1.0,0,10.0
70,1990,0.843,中产,20810.2,1780.2,0.0855,0,0,26.7,1.0,0,17.8
70,1991,0.843,中产,14555.1,1214.2,0.0834,0,0,28.3,1.0,0,7.2
70,1992,0.843,中产,31513.4,7021.7,0.2228,0,0,27.0,2.17,0,8.1
70,1993,0.843,中产,32569.9,26184.8,0.804,1,1,4.5,3.26,0,10.5
70,1994,0.843,中产,10224.8,6576.4,0.6432,1,1,10.9,4.56,1,7.7
70,1995,0.843,中产,31621.7,779.1,0.0246,0,0,29.9,1.3,0,17.1
70,1996,0.843,中产,17387.6,2054.4,0.1182,0,0,29.4,1.0,0,15.8
71,1997,0.352,中产,49669.8,3947.7,0.0795,0,0,29.2,1.0,0,17.9
71,1998,0.352,中产,34023.9,23212.3,0.6822,1,0,8.5,2.14,0,19.8
71,1999,0.352,中产,22312.6,1450.5,0.065,0,0,28.4,1.0,0,7.7
71,2000,0.352,中产,9898.6,354.4,0.0358,0,0,26.9,1.06,0,8.3
71,2001,0.352,中产,32070.1,27673.8,0.8629,1,1,21.9,3.99,1,26.2
71,2002,0.352,中产,20111.2,1889.4,0.0939,0,0,29.4,1.49,0,9.7
71,2003,0.352,中产,8904.8,1294.7,0.1454,0,0,29.5,1.0,0,13.0
71,2004,0.352,中产,17814.6,13305.3,0.7469,1,0,4.7,4.04,0,14.7
71,2005,0.352,中产,23099.4,16090.5,0.6966,1,1,19.8,4.24,0,7.2
71,2006,0.352,中产,10075.0,430.9,0.0428,0,0,27.3,1.0,0,5.3
71,2007,0.352,中产,30072.7,933.0,0.031,0,0,25.2,1.0,0,10.4
71,2008,0.352,中产,14581.0,13149.2,0.9018,1,0,4.0,2.77,1,11.8
71,2009,0.352,中产,8868.7,1597.3,0.1801,0,0,24.2,1.06,0,13.2
71,2010,0.352,中产,10449.3,8397.2,0.8036,1,1,11.4,4.99,0,6.1
71,2011,0.352,中产,14026.8,10688.2,0.762,1,1,11.4,2.85,0,9.4
71,2012,0.352,中产,13565.3,3865.0,0.2849,0,0,28.8,1.9,0,12.5
71,2013,0.352,中产,49079.1,9548.1,0.1945,0,0,28.7,1.32,0,15.9
71,2014,0.352,中产,13871.2,1941.6,0.14,0,0,26.7,1.0,0,12.7
71,2015,0.352,中产,13300.6,9282.8,0.6979,1,1,22.4,1.26,0,10.7
71,2016,0.352,中产,60690.0,49819.2,0.8209,1,0,8.1,3.51,0,12.9
71,2017,0.352,中产,54219.0,809.2,0.0149,0,0,26.5,1.0,0,25.2
71,2018,0.352,中产,57595.1,2084.1,0.0362,0,0,28.3,1.0,0,13.6
71,2019,0.352,中产,34902.2,10269.2,0.2942,0,0,29.7,1.0,0,18.7
71,2020,0.352,中产,16791.2,1074.0,0.064,0,0,24.5,1.0,0,38.8
71,2021,0.352,中产,18465.2,2922.9,0.1583,0,0,28.4,1.69,0,8.5
71,2022,0.352,中产,17884.5,17281.9,0.9663,1,1,20.7,4.65,1,12.8
71,2023,0.352,中产,13769.9,10519.4,0.7639,1,1,3.7,3.4,0,23.0
71,2024,0.352,中产,10346.8,7562.4,0.7309,1,0,21.9,3.98,1,7.4
71,2025,0.352,中产,29320.1,5560.3,0.1896,0,0,25.9,1.0,0,14.4
72,2026,0.427,穷人,4348.5,4035.0,0.9279,1,0,7.4,5.57,0,5.1
72,2027,0.427,穷人,29511.1,20742.3,0.7029,1,1,19.3,3.99,1,9.5
72,2028,0.427,穷人,48627.0,1488.8,0.0306,0,0,25.7,2.68,0,8.0
72,2029,0.427,穷人,7250.7,460.1,0.0635,0,0,27.7,1.99,0,9.3
72,2030,0.427,穷人,26630.9,5294.5,0.1988,0,0,26.5,2.29,0,10.5
72,2031,0.427,穷人,13468.6,8909.8,0.6615,1,1,9.3,5.32,1,5.4
72,2032,0.427,穷人,15444.4,914.2,0.0592,0,0,28.3,2.29,1,22.2
72,2033,0.427,穷人,11814.4,75.0,0.0064,0,0,24.8,1.64,0,10.1
72,2034,0.427,穷人,16462.5,1781.1,0.1082,0,0,26.0,1.39,0,24.0
72,2035,0.427,穷人,23461.2,3779.1,0.1611,0,0,25.6,1.0,0,38.8
72,2036,0.427,穷人,10344.1,1289.8,0.1247,0,0,25.6,1.0,0,18.7
72,2037,0.427,穷人,16074.1,13748.2,0.8553,1,1,1.5,4.32,0,8.9
72,2038,0.427,穷人,9160.6,915.9,0.1,0,0,24.2,2.66,0,8.9
72,2039,0.427,穷人,18205.8,15903.2,0.8735,1,1,2.2,5.85,1,4.9
72,2040,0.427,穷人,9124.1,6293.3,0.6897,1,1,15.5,5.35,0,18.1
72,2041,0.427,穷人,18968.7,8319.2,0.4386,0,0,28.6,3.14,1,3.6
72,2042,0.427,穷人,10787.6,903.2,0.0837,0,0,27.3,1.9,0,29.4
72,2043,0.427,穷人,5048.4,2943.3,0.583,1,0,17.3,4.3,0,15.5
72,2044,0.427,穷人,6267.7,4993.1,0.7966,1,1,8.1,5.48,0,9.9
72,2045,0.427,穷人,11405.4,335.9,0.0294,0,0,24.4,2.37,0,14.2
72,2046,0.427,穷人,6028.6,4697.4,0.7792,1,1,10.3,4.53,0,10.9
72,2047,0.427,穷人,10295.7,203.2,0.0197,0,0,24.5,1.51,0,16.7
72,2048,0.427,穷人,12561.9,2604.3,0.2073,0,0,26.6,1.93,0,11.3
72,2049,0.427,穷人,11608.7,10498.2,0.9043,1,1,19.6,6.11,0,1.8
72,2050,0.427,穷人,29693.4,792.8,0.0267,0,0,26.5,2.32,0,11.8
72,2051,0.427,穷人,7871.4,670.6,0.0852,0,0,29.1,1.24,0,19.1
73,2052,0.229,富人,47549.1,33583.2,0.7063,1,0,20.2,3.9,0,14.0
73,2053,0.229,富人,25993.7,639.4,0.0246,0,0,26.9,1.0,0,28.6
73,2054,0.229,富人,53438.1,43606.3,0.816,1,1,3.5,6.53,1,9.9
73,2055,0.229,富人,49965.9,35888.9,0.7183,1,0,15.4,2.82,0,11.8
73,2056,0.229,富人,109162.8,13591.6,0.1245,0,0,24.7,1.85,0,18.6
73,2057,0.229,富人,32378.2,6118.6,0.189,0,0,26.6,1.6,0,6.5
73,2058,0.229,富人,14885.3,1513.0,0.1016,0,0,26.9,1.06,0,5.4
73,2059,0.229,富人,40037.0,30337.2,0.7577,1,1,11.3,4.3,1,10.4
73,2060,0.229,富人,49301.6,4601.7,0.0933,0,0,27.5,2.59,1,22.5
73,2061,0.229,富人,31561.5,4362.2,0.1382,0,0,25.6,1.0,0,4.7
73,2062,0.229,富人,38306.9,443.1,0.0116,0,0,24.3,1.0,0,10.6
73,2063,0.229,富人,35111.9,5614.9,0.1599,0,0,29.7,1.2,0,8.0
73,2064,0.229,富人,38643.7,9396.9,0.2432,0,0,25.4,1.94,0,8.1
73,2065,0.229,富人,116469.6,88830.9,0.7627,1,1,0.1,5.22,0,5.4
73,2066,0.229,富人,18473.9,5198.0,0.2814,0,0,26.2,1.82,0,22.2
73,2067,0.229,富人,30581.6,2991.2,0.0978,0,0,27.9,1.0,0,14.3
73,2068,0.229,富人,33526.8,2805.6,0.0837,0,0,25.4,1.15,0,8.4
73,2069,0.229,富人,20078.0,2269.6,0.113,0,0,27.6,1.0,0,14.9
73,2070,0.229,富人,42309.6,31211.0,0.7377,1,1,12.6,5.2,0,6.5
73,2071,0.229,富人,46279.2,867.5,0.0187,0,0,29.1,1.0,0,10.8
73,2072,0.229,富人,17917.0,393.8,0.022,0,0,28.8,1.0,0,18.8
73,2073,0.229,富人,46835.8,7215.0,0.154,0,0,28.3,2.14,0,8.1
73,2074,0.229,富人,32801.1,14724.5,0.4489,1,1,9.8,2.67,0,17.6
73,2075,0.229,富人,45384.6,32379.2,0.7134,1,1,11.6,4.07,1,11.9
73,2076,0.229,富人,35651.9,27095.3,0.76,1,1,0.5,3.8,0,10.6
73,2077,0.229,富人,58478.9,2786.2,0.0476,0,0,29.5,2.44,0,11.0
73,2078,0.229,富人,125427.9,98237.2,0.7832,1,1,6.4,3.58,0,11.2
73,2079,0.229,富人,69714.4,41409.3,0.594,1,0,18.0,5.0,1,3.7
74,2080,0.492,富人,55594.3,15895.2,0.2859,0,0,25.6,1.0,0,15.9
74,2081,0.492,富人,41999.6,17184.9,0.4092,0,0,28.1,1.0,0,10.6
74,2082,0.492,富人,14601.9,2404.2,0.1646,0,0,27.0,1.0,0,17.1
74,2083,0.492,富人,55508.8,12073.0,0.2175,0,0,24.1,1.0,0,32.9
74,2084,0.492,富人,44602.1,7794.6,0.1748,0,0,24.2,1.0,0,16.4
74,2085,0.492,富人,112303.1,923.5,0.0082,0,0,26.8,1.0,0,13.1
74,2086,0.492,富人,67733.7,22719.6,0.3354,0,0,29.5,1.36,0,6.3
74,2087,0.492,富人,17082.2,1401.4,0.082,0,0,28.0,1.0,0,13.8
74,2088,0.492,富人,23778.6,3636.2,0.1529,0,0,29.8,1.0,0,4.7
74,2089,0.492,富人,28167.1,17583.9,0.6243,1,1,21.7,2.9,0,13.5
74,2090,0.492,富人,41655.5,26737.8,0.6419,1,1,16.1,3.98,0,9.1
74,2091,0.492,富人,13393.5,3370.3,0.2516,0,0,29.0,1.0,0,9.8
74,2092,0.492,富人,62745.7,1898.8,0.0303,0,0,27.8,1.0,0,15.2
74,2093,0.492,富人,59184.2,7199.4,0.1216,0,0,25.0,1.0,0,8.6
74,2094,0.492,富人,76302.9,25096.6,0.3289,0,0,24.4,1.0,0,8.3
74,2095,0.492,富人,94732.6,60406.2,0.6376,1,1,2.8,1.58,0,13.6
74,2096,0.492,富人,92886.0,82613.6,0.8894,1,1,9.2,4.16,0,15.2
74,2097,0.492,富人,40924.2,835.1,0.0204,0,0,25.0,1.0,0,22.7
74,2098,0.492,富人,52317.7,6660.4,0.1273,0,0,27.2,1.0,0,12.5
74,2099,0.492,富人,50260.2,2623.0,0.0522,0,0,24.3,1.0,1,11.7
74,2100,0.492,富人,54976.1,12299.2,0.2237,0,0,29.1,1.0,0,5.0
74,2101,0.492,富人,85729.8,3580.6,0.0418,0,0,29.5,1.0,0,11.5
74,2102,0.492,富人,47547.0,40530.6,0.8524,1,1,0.7,2.65,0,15.5
74,2103,0.492,富人,35088.9,3594.7,0.1024,0,0,29.5,1.0,0,16.3
74,2104,0.492,富人,91564.0,9140.3,0.0998,0,0,27.2,1.0,0,9.7
74,2105,0.492,富人,32629.0,2264.7,0.0694,0,0,29.3,1.21,0,15.4
75,2106,0.761,富人,15299.6,4431.3,0.2896,0,0,24.1,2.85,0,5.9
75,2107,0.761,富人,39853.4,3998.1,0.1003,0,0,26.8,1.81,0,15.6
75,2108,0.761,富人,8927.9,602.9,0.0675,0,0,28.9,1.0,0,17.4
75,2109,0.761,富人,45090.3,31082.9,0.6893,1,1,5.9,4.35,0,16.7
75,2110,0.761,富人,23204.2,17905.6,0.7717,1,1,10.8,5.86,1,6.3
75,2111,0.761,富人,59342.6,18287.8,0.3082,0,0,24.2,2.34,0,18.9
75,2112,0.761,富人,48415.7,2411.2,0.0498,0,0,27.0,2.26,0,22.8
75,2113,0.761,富人,56974.4,11374.1,0.1996,0,0,28.6,3.3,0,9.9
75,2114,0.761,富人,23504.2,16197.0,0.6891,1,1,8.7,4.69,1,8.4
75,2115,0.761,富人,27417.5,4998.2,0.1823,0,0,24.3,1.71,0,7.3
75,2116,0.761,富人,57830.5,7053.2,0.122,0,0,25.0,2.95,0,19.2
75,2117,0.761,富人,8063.7,169.9,0.0211,0,0,25.7,1.87,0,13.9
75,2118,0.761,富人,11271.5,1346.8,0.1195,0,0,24.8,1.8,0,33.3
75,2119,0.761,富人,44419.1,9389.5,0.2114,0,0,26.6,2.17,0,10.8
75,2120,0.761,富人,32522.6,5283.3,0.1625,0,0,25.6,2.27,0,12.0
76,2121,0.884,富人,45728.2,4243.8,0.0928,0,0,28.5,1.62,0,8.5
76,2122,0.884,富人,36703.8,3990.2,0.1087,0,0,29.0,1.33,0,21.8
76,2123,0.884,富人,66179.5,4893.0,0.0739,0,0,26.1,1.35,0,55.5
76,2124,0.884,富人,68509.5,41076.9,0.5996,1,1,3.6,4.78,0,15.0
76,2125,0.884,富人,19135.6,2233.3,0.1167,0,0,27.2,1.0,0,21.1
76,2126,0.884,富人,21015.5,2217.5,0.1055,0,0,25.0,2.37,0,16.2
76,2127,0.884,富人,13832.1,2878.0,0.2081,0,0,29.7,1.11,0,16.8
76,2128,0.884,富人,26764.9,3697.4,0.1381,0,0,28.4,1.93,0,15.0
76,2129,0.884,富人,49044.6,757.7,0.0154,0,0,24.1,2.47,0,9.2
76,2130,0.884,富人,73573.7,17626.8,0.2396,0,0,26.6,1.72,0,10.3
76,2131,0.884,富人,16795.3,1155.8,0.0688,0,0,28.8,2.35,0,16.7
76,2132,0.884,富人,17665.7,3058.5,0.1731,0,0,27.8,2.3,0,12.4
76,2133,0.884,富人,17926.5,15956.4,0.8901,1,1,8.3,5.82,1,6.1
76,2134,0.884,富人,27335.2,5207.1,0.1905,0,0,24.6,1.85,0,16.3
76,2135,0.884,富人,23499.3,1150.8,0.049,0,0,27.5,1.0,0,5.0
76,2136,0.884,富人,20759.0,2398.3,0.1155,0,0,27.5,2.18,0,14.8
76,2137,0.884,富人,14333.5,10822.4,0.755,1,1,6.7,4.58,1,3.0
76,2138,0.884,富人,47257.9,10231.6,0.2165,0,0,24.1,1.0,0,14.9
77,2139,0.623,中产,35228.9,20046.5,0.569,1,0,15.2,2.78,0,14.1
77,2140,0.623,中产,27154.7,18045.8,0.6646,1,0,10.9,4.84,0,12.0
77,2141,0.623,中产,66197.3,2316.1,0.035,0,0,26.1,1.0,0,7.0
77,2142,0.623,中产,22053.8,2178.8,0.0988,0,0,25.9,1.35,0,7.7
77,2143,0.623,中产,36791.5,27132.4,0.7375,1,1,9.2,3.64,0,32.6
77,2144,0.623,中产,21529.0,19334.1,0.898,1,1,21.7,6.78,1,4.8
77,2145,0.623,中产,60430.8,7583.0,0.1255,0,0,28.4,1.0,0,15.8
77,2146,0.623,中产,36149.7,919.6,0.0254,0,0,28.7,1.0,0,20.0
77,2147,0.623,中产,24017.1,3827.4,0.1594,0,0,26.0,1.0,0,7.1
77,2148,0.623,中产,19381.5,12922.9,0.6668,1,1,3.8,2.66,1,17.9
77,2149,0.623,中产,15480.6,11869.1,0.7667,1,1,6.8,5.03,0,8.2
77,2150,0.623,中产,10597.1,4030.5,0.3803,0,0,29.9,1.5,0,13.6
77,2151,0.623,中产,61683.7,57878.1,0.9383,1,0,6.8,3.43,0,15.9
77,2152,0.623,中产,36702.7,10465.7,0.2851,0,0,29.9,1.7,0,16.5
77,2153,0.623,中产,36827.5,26971.0,0.7324,1,1,22.7,4.07,0,7.9
77,2154,0.623,中产,33632.5,8457.8,0.2515,0,0,24.7,1.87,1,29.0
77,2155,0.623,中产,29665.1,10317.8,0.3478,0,0,29.9,1.36,0,7.3
77,2156,0.623,中产,128366.7,16526.3,0.1287,0,0,28.7,1.0,0,14.5
77,2157,0.623,中产,26016.2,9067.3,0.3485,0,0,28.2,1.0,0,19.9
77,2158,0.623,中产,12042.6,2337.0,0.1941,0,0,29.8,1.0,0,10.2
77,2159,0.623,中产,14038.2,11160.9,0.795,1,0,0.1,3.58,0,18.2
77,2160,0.623,中产,47266.2,9135.8,0.1933,0,0,26.8,1.0,0,22.9
77,2161,0.623,中产,26414.7,16287.7,0.6166,1,1,14.3,4.58,1,11.9
77,2162,0.623,中产,56307.7,7401.9,0.1315,0,0,26.7,1.0,0,23.1
77,2163,0.623,中产,13705.5,2927.8,0.2136,0,0,28.0,1.0,0,27.6
78,2164,0.556,富人,240623.8,25756.9,0.107,0,0,27.6,1.0,0,9.1
78,2165,0.556,富人,101230.8,81733.6,0.8074,1,1,4.0,5.18,1,4.5
78,2166,0.556,富人,237051.0,177075.2,0.747,1,1,0.8,5.05,0,13.7
78,2167,0.556,富人,88298.0,8402.0,0.0952,0,0,24.0,1.0,0,12.0
78,2168,0.556,富人,54334.8,1832.8,0.0337,0,0,28.1,1.87,0,17.0
78,2169,0.556,富人,81873.8,6492.3,0.0793,0,0,28.2,1.0,0,11.8
78,2170,0.556,富人,122497.8,14438.8,0.1179,0,0,26.3,1.0,0,12.5
78,2171,0.556,富人,34400.6,26416.3,0.7679,1,1,16.9,3.77,0,19.9
78,2172,0.556,富人,54041.2,21804.7,0.4035,0,0,24.7,1.0,0,7.3
78,2173,0.556,富人,66806.9,3052.9,0.0457,0,0,25.7,1.0,0,11.1
78,2174,0.556,富人,100269.3,86977.7,0.8674,1,1,4.8,4.58,0,7.8
78,2175,0.556,富人,84102.4,49704.3,0.591,1,1,22.7,3.12,0,9.6
78,2176,0.556,富人,42086.2,13459.9,0.3198,0,0,26.0,1.24,0,17.8
78,2177,0.556,富人,170250.2,5889.6,0.0346,0,0,27.3,1.0,0,12.3
78,2178,0.556,富人,107067.1,21078.3,0.1969,0,0,26.4,1.88,0,12.0
78,2179,0.556,富人,113837.9,88769.5,0.7798,1,1,15.4,3.79,1,11.4
78,2180,0.556,富人,156177.6,120091.1,0.7689,1,1,3.5,5.37,1,4.8
78,2181,0.556,富人,86653.7,11349.4,0.131,0,0,24.9,1.14,0,8.0
78,2182,0.556,富人,107792.2,8666.7,0.0804,0,0,24.5,1.0,0,14.8
78,2183,0.556,富人,140415.4,125980.7,0.8972,1,1,19.0,4.77,0,15.8
78,2184,0.556,富人,51016.2,37034.9,0.7259,1,1,4.1,4.02,0,28.4
78,2185,0.556,富人,135720.8,2580.4,0.019,0,0,28.6,1.0,0,16.0
78,2186,0.556,富人,82492.2,55463.6,0.6724,1,1,7.5,1.89,0,13.5
78,2187,0.556,富人,114368.3,52310.5,0.4574,0,0,29.1,1.62,0,19.3
78,2188,0.556,富人,43759.3,2288.3,0.0523,0,0,30.0,1.0,0,10.5
78,2189,0.556,富人,137503.5,20358.6,0.1481,0,0,26.6,1.0,0,23.6
78,2190,0.556,富人,35268.2,8070.7,0.2288,0,0,26.6,1.0,0,13.9
78,2191,0.556,富人,135036.1,5996.4,0.0444,0,0,29.3,1.0,0,8.0
78,2192,0.556,富人,95568.6,10005.8,0.1047,0,0,26.2,2.31,0,21.2
78,2193,0.556,富人,106773.6,11296.1,0.1058,0,0,26.5,1.0,0,6.2
78,2194,0.556,富人,100441.2,766.5,0.0076,0,0,28.0,1.0,0,6.3
78,2195,0.556,富人,53182.2,32703.7,0.6149,1,1,13.5,4.32,1,19.8
78,2196,0.556,富人,189896.8,109603.1,0.5772,1,0,7.5,2.43,0,8.6
78,2197,0.556,富人,51507.6,45416.2,0.8817,1,1,11.6,5.28,1,7.0
78,2198,0.556,富人,281708.1,2797.5,0.0099,0,0,29.3,1.25,0,16.8
78,2199,0.556,富人,56613.3,47579.1,0.8404,1,1,5.4,3.67,0,11.5
78,2200,0.556,富人,55917.5,908.0,0.0162,0,0,28.7,1.8,0,9.0
78,2201,0.556,富人,81027.7,3963.2,0.0489,0,0,29.0,1.0,0,12.2
78,2202,0.556,富人,217395.8,120353.7,0.5536,1,0,6.2,4.11,1,6.9
79,2203,0.407,中产,18936.8,15783.0,0.8335,1,1,12.1,6.36,1,5.6
79,2204,0.407,中产,20473.9,1465.0,0.0716,0,0,26.2,2.48,0,12.3
79,2205,0.407,中产,27197.4,1602.5,0.0589,0,0,25.6,1.94,0,22.2
79,2206,0.407,中产,9566.5,2860.8,0.299,0,0,24.1,3.17,0,11.6
79,2207,0.407,中产,28269.9,758.6,0.0268,0,0,27.6,3.38,0,5.9
79,2208,0.407,中产,19381.5,17806.6,0.9187,1,1,21.6,4.13,0,7.3
79,2209,0.407,中产,10809.0,806.3,0.0746,0,0,29.3,1.69,0,15.8
79,2210,0.407,中产,28048.8,3926.1,0.14,0,0,26.0,1.73,0,11.1
79,2211,0.407,中产,22993.7,7804.2,0.3394,0,0,24.1,3.46,0,28.7
79,2212,0.407,中产,31279.8,9175.7,0.2933,0,0,24.5,2.12,0,12.7
79,2213,0.407,中产,59812.6,36978.7,0.6182,1,0,21.1,4.19,1,5.2
79,2214,0.407,中产,24941.2,18330.6,0.735,1,0,5.8,5.16,1,11.5
79,2215,0.407,中产,16464.9,9828.9,0.597,0,0,29.1,1.67,0,14.5
79,2216,0.407,中产,6058.9,3982.1,0.6572,1,1,14.3,5.98,1,7.6
79,2217,0.407,中产,38428.5,31115.1,0.8097,1,1,3.6,5.29,1,9.1
79,2218,0.407,中产,5802.2,1197.5,0.2064,0,0,24.6,2.57,0,11.9
79,2219,0.407,中产,12794.1,11456.6,0.8955,1,1,21.3,6.13,0,6.3
79,2220,0.407,中产,18931.5,5384.1,0.2844,0,0,26.8,3.58,0,34.4
79,2221,0.407,中产,14215.9,3730.5,0.2624,0,0,26.3,2.72,0,13.6
79,2222,0.407,中产,22311.9,19633.8,0.88,1,1,10.2,4.96,1,5.5
79,2223,0.407,中产,22517.6,3885.4,0.1725,0,0,29.5,1.0,0,14.3
79,2224,0.407,中产,27008.4,24418.8,0.9041,1,1,13.6,6.41,1,7.5
79,2225,0.407,中产,59231.6,3104.3,0.0524,0,0,25.2,1.0,0,31.5
79,2226,0.407,中产,9495.1,437.7,0.0461,0,0,26.6,2.62,0,19.1
79,2227,0.407,中产,11240.4,8189.9,0.7286,1,1,5.9,3.47,0,13.7
79,2228,0.407,中产,26222.3,19065.4,0.7271,1,0,13.1,4.77,1,26.8
79,2229,0.407,中产,12135.6,1825.4,0.1504,0,0,28.0,1.46,0,34.3
79,2230,0.407,中产,26809.4,20781.2,0.7751,1,1,24.0,4.69,1,9.4
79,2231,0.407,中产,15994.3,3699.2,0.2313,0,0,27.3,2.33,0,11.3
79,2232,0.407,中产,15634.8,1586.4,0.1015,0,0,29.7,1.58,0,23.5
80,2233,0.63,中产,23380.7,7585.0,0.3244,0,0,24.3,2.95,0,8.9
80,2234,0.63,中产,20718.2,1158.7,0.0559,0,0,27.4,3.22,0,14.3
80,2235,0.63,中产,14373.5,1901.4,0.1323,0,0,24.1,1.6,0,28.6
80,2236,0.63,中产,14511.4,2836.3,0.1955,0,0,24.8,1.9,0,17.9
80,2237,0.63,中产,17403.0,2018.8,0.116,0,0,26.9,1.38,0,30.6
80,2238,0.63,中产,9227.2,677.5,0.0734,0,0,29.9,1.39,0,18.8
80,2239,0.63,中产,18165.7,16097.6,0.8862,1,1,7.9,4.09,1,7.7
80,2240,0.63,中产,32962.3,3884.8,0.1179,0,0,28.8,1.68,0,28.2
80,2241,0.63,中产,12554.2,687.9,0.0548,0,0,25.7,2.69,0,26.5
80,2242,0.63,中产,9660.0,1579.0,0.1635,0,0,24.4,1.65,0,9.2
80,2243,0.63,中产,10169.0,404.2,0.0397,0,0,28.3,1.0,0,8.7
80,2244,0.63,中产,12747.4,2019.7,0.1584,0,0,28.4,2.38,0,8.2
80,2245,0.63,中产,20196.6,6447.7,0.3192,0,0,24.6,1.74,0,9.5
80,2246,0.63,中产,22580.6,3849.1,0.1705,0,0,27.9,2.08,0,8.5
80,2247,0.63,中产,38341.4,4838.7,0.1262,0,0,26.2,1.12,0,8.3
80,2248,0.63,中产,11320.5,3393.1,0.2997,0,0,28.1,2.27,0,5.4
80,2249,0.63,中产,8021.0,3477.9,0.4336,0,0,26.3,1.0,0,12.7
80,2250,0.63,中产,14140.3,837.5,0.0592,0,0,28.9,1.56,0,23.4
80,2251,0.63,中产,12547.1,3349.3,0.2669,0,0,28.5,2.36,0,13.6
80,2252,0.63,中产,20080.2,2913.5,0.1451,0,0,27.7,2.22,0,13.9
80,2253,0.63,中产,31285.4,28896.8,0.9237,1,1,16.4,6.53,1,6.6
81,2254,0.347,穷人,10221.8,8074.9,0.79,1,0,2.5,6.34,0,5.6
81,2255,0.347,穷人,10249.2,5180.9,0.5055,1,1,4.8,5.39,0,7.4
81,2256,0.347,穷人,13743.9,263.6,0.0192,0,0,25.8,2.47,0,12.5
81,2257,0.347,穷人,12595.0,1143.3,0.0908,0,0,25.9,3.01,0,21.7
81,2258,0.347,穷人,24717.8,801.9,0.0324,0,0,26.4,4.06,0,4.4
81,2259,0.347,穷人,7457.2,1509.1,0.2024,0,0,25.0,3.75,1,10.9
81,2260,0.347,穷人,16579.3,16313.3,0.984,1,1,9.6,8.44,1,1.4
81,2261,0.347,穷人,5241.5,3962.5,0.756,1,1,20.4,5.21,1,13.4
81,2262,0.347,穷人,17170.7,15191.2,0.8847,1,1,6.0,6.66,1,10.2
81,2263,0.347,穷人,28448.8,22024.4,0.7742,1,0,11.3,5.01,0,8.7
81,2264,0.347,穷人,12652.1,3399.0,0.2686,0,0,24.3,4.3,0,15.0
81,2265,0.347,穷人,9192.8,728.2,0.0792,0,0,29.7,4.21,1,11.1
81,2266,0.347,穷人,10059.4,490.6,0.0488,0,0,28.4,3.92,0,10.3
81,2267,0.347,穷人,14600.3,14039.8,0.9616,1,1,15.5,7.44,1,2.8
81,2268,0.347,穷人,16041.5,12798.9,0.7979,1,0,1.0,6.1,1,14.2
81,2269,0.347,穷人,15147.5,10131.1,0.6688,1,1,19.7,5.27,1,6.5
81,2270,0.347,穷人,9373.5,707.6,0.0755,0,0,25.2,4.26,0,6.7
81,2271,0.347,穷人,12854.9,3179.2,0.2473,0,0,28.3,3.19,1,11.8
81,2272,0.347,穷人,14453.3,2724.8,0.1885,0,0,24.2,2.9,0,12.9
81,2273,0.347,穷人,15989.6,15280.1,0.9556,1,1,4.8,7.19,1,4.1
81,2274,0.347,穷人,16001.1,1244.2,0.0778,0,0,29.8,3.04,0,8.3
81,2275,0.347,穷人,6265.2,3969.5,0.6336,1,1,14.7,5.55,1,9.3
81,2276,0.347,穷人,6953.5,1231.1,0.1771,0,0,26.1,3.62,0,12.8
81,2277,0.347,穷人,20625.5,1378.3,0.0668,0,0,25.2,5.42,1,6.3
81,2278,0.347,穷人,25132.7,9062.7,0.3606,0,0,25.5,1.76,0,19.6
82,2279,0.622,穷人,3458.5,511.6,0.1479,0,0,26.0,3.12,0,30.6
82,2280,0.622,穷人,9927.6,1335.7,0.1345,0,0,24.9,2.18,0,9.5
82,2281,0.622,穷人,9692.5,461.0,0.0476,0,0,27.4,2.43,0,7.9
82,2282,0.622,穷人,9318.0,1727.6,0.1854,0,0,29.5,1.53,0,25.6
82,2283,0.622,穷人,2029.4,1486.9,0.7327,1,1,5.6,5.87,1,6.2
82,2284,0.622,穷人,18377.7,1301.0,0.0708,0,0,25.6,2.63,0,8.8
82,2285,0.622,穷人,6417.8,143.6,0.0224,0,0,25.3,1.87,0,8.9
82,2286,0.622,穷人,9134.8,1338.2,0.1465,0,0,24.3,3.12,0,27.9
82,2287,0.622,穷人,7520.8,547.0,0.0727,0,0,28.5,2.06,0,6.4
82,2288,0.622,穷人,16022.3,1350.2,0.0843,0,0,24.3,1.55,0,21.8
82,2289,0.622,穷人,8082.2,398.6,0.0493,0,0,24.5,1.0,1,11.7
82,2290,0.622,穷人,20663.0,18202.9,0.8809,1,1,23.7,6.44,1,6.9
82,2291,0.622,穷人,20460.8,3454.1,0.1688,0,0,29.0,3.07,0,14.0
82,2292,0.622,穷人,11001.8,72.9,0.0066,0,0,25.6,1.0,0,11.1
82,2293,0.622,穷人,11231.9,396.1,0.0353,0,0,25.1,1.75,0,20.4
82,2294,0.622,穷人,9620.6,1778.0,0.1848,0,0,26.9,2.26,0,12.4
82,2295,0.622,穷人,10148.5,565.8,0.0558,0,0,26.0,1.1,0,14.7
82,2296,0.622,穷人,10150.5,852.4,0.084,0,0,29.8,2.14,0,14.8
82,2297,0.622,穷人,9306.3,8137.8,0.8744,1,1,23.8,4.65,0,6.7
82,2298,0.622,穷人,14732.0,1582.0,0.1074,0,0,24.9,3.38,0,17.4
82,2299,0.622,穷人,6782.4,679.8,0.1002,0,0,26.9,1.2,0,27.1
82,2300,0.622,穷人,16453.4,969.2,0.0589,0,0,26.9,2.04,0,9.2
82,2301,0.622,穷人,37882.7,7727.4,0.204,0,0,26.2,1.85,0,25.5
82,2302,0.622,穷人,3910.4,398.8,0.102,0,0,24.0,1.74,1,7.2
82,2303,0.622,穷人,13982.6,1816.2,0.1299,0,0,27.2,3.43,0,15.6
82,2304,0.622,穷人,5667.0,4144.2,0.7313,1,1,8.8,3.34,1,22.5
82,2305,0.622,穷人,10090.8,8001.0,0.7929,1,0,23.3,4.8,1,8.4
82,2306,0.622,穷人,12042.6,6474.0,0.5376,1,1,7.4,4.86,0,9.0
82,2307,0.622,穷人,23923.5,11234.6,0.4696,1,0,10.9,4.09,0,20.4
82,2308,0.622,穷人,11854.7,626.1,0.0528,0,0,25.2,1.92,0,18.9
82,2309,0.622,穷人,9297.8,3276.4,0.3524,0,0,28.4,2.68,0,17.7
82,2310,0.622,穷人,7064.5,2550.4,0.361,0,0,28.9,1.82,0,12.0
82,2311,0.622,穷人,13374.4,1301.2,0.0973,0,0,25.6,1.86,0,6.2
82,2312,0.622,穷人,15839.2,3245.8,0.2049,0,0,29.4,3.11,0,8.0
82,2313,0.622,穷人,5506.3,686.5,0.1247,0,0,24.7,1.95,0,29.4
83,2314,0.503,穷人,15277.7,588.7,0.0385,0,0,25.4,2.2,1,18.0
83,2315,0.503,穷人,4159.5,566.0,0.1361,0,0,24.1,1.86,0,21.2
83,2316,0.503,穷人,12697.8,3026.5,0.2384,0,0,29.1,2.47,0,30.9
83,2317,0.503,穷人,10518.2,763.2,0.0726,0,0,26.4,1.0,0,36.4
83,2318,0.503,穷人,8225.6,41.4,0.005,0,0,25.8,1.0,0,56.1
83,2319,0.503,穷人,18374.8,16524.0,0.8993,1,1,13.0,4.79,1,8.2
83,2320,0.503,穷人,2802.4,1619.1,0.5777,1,1,3.6,4.89,0,10.6
83,2321,0.503,穷人,7614.7,5880.1,0.7722,1,1,3.7,5.24,1,8.2
83,2322,0.503,穷人,6231.9,3910.3,0.6275,1,1,23.4,4.47,0,3.6
83,2323,0.503,穷人,13101.8,1567.0,0.1196,0,0,29.0,3.65,0,9.9
83,2324,0.503,穷人,26196.2,3453.5,0.1318,0,0,28.1,2.94,0,14.0
83,2325,0.503,穷人,7520.9,908.2,0.1208,0,0,24.9,1.54,0,29.1
83,2326,0.503,穷人,20566.3,853.2,0.0415,0,0,28.7,1.78,0,6.8
83,2327,0.503,穷人,6467.8,701.9,0.1085,0,0,24.9,2.27,0,15.7
83,2328,0.503,穷人,4676.9,510.1,0.1091,0,0,25.7,2.13,0,13.2
83,2329,0.503,穷人,7216.6,875.1,0.1213,0,0,24.5,1.6,0,12.0
83,2330,0.503,穷人,30036.4,436.7,0.0145,0,0,25.0,2.01,0,7.9
83,2331,0.503,穷人,15428.3,10670.6,0.6916,1,0,11.4,3.43,0,22.4
83,2332,0.503,穷人,14814.2,2519.2,0.1701,0,0,28.6,1.33,0,29.3
83,2333,0.503,穷人,6767.9,5555.4,0.8209,1,1,11.3,5.62,1,11.8
83,2334,0.503,穷人,9681.8,9578.8,0.9894,1,0,20.7,5.92,0,4.3
83,2335,0.503,穷人,9723.3,581.5,0.0598,0,0,27.3,1.74,0,11.6
83,2336,0.503,穷人,16297.9,93.4,0.0057,0,0,29.7,1.63,0,19.8
83,2337,0.503,穷人,9327.4,236.2,0.0253,0,0,28.0,1.99,0,28.6
83,2338,0.503,穷人,8740.0,6517.8,0.7457,1,1,8.8,5.61,1,8.3
83,2339,0.503,穷人,19440.6,32.7,0.0017,0,0,24.1,1.0,0,8.1
83,2340,0.503,穷人,1629.3,194.7,0.1195,0,0,24.4,2.33,1,22.1
83,2341,0.503,穷人,6740.1,5320.9,0.7894,1,0,17.5,4.34,1,11.1
83,2342,0.503,穷人,9178.8,5212.8,0.5679,1,0,3.7,2.52,0,25.5
83,2343,0.503,穷人,8181.9,6430.3,0.7859,1,1,0.9,5.21,1,4.4
83,2344,0.503,穷人,2781.9,2694.9,0.9687,1,0,0.0,5.18,1,10.0
83,2345,0.503,穷人,7213.9,1091.0,0.1512,0,0,26.6,1.85,0,16.0
83,2346,0.503,穷人,7599.4,1212.8,0.1596,0,0,25.2,2.32,0,13.8
83,2347,0.503,穷人,16998.6,13941.3,0.8201,1,1,1.9,5.57,0,4.3
83,2348,0.503,穷人,12504.9,9552.2,0.7639,1,1,12.9,4.88,1,12.3
83,2349,0.503,穷人,2934.2,2054.1,0.7001,1,1,18.5,4.58,1,11.7
83,2350,0.503,穷人,8604.8,7471.5,0.8683,1,0,3.6,4.49,1,9.4
83,2351,0.503,穷人,3837.9,2441.2,0.6361,1,1,5.7,4.49,0,9.6
83,2352,0.503,穷人,6599.8,831.8,0.126,0,0,29.3,2.9,0,16.7
83,2353,0.503,穷人,26917.2,18682.0,0.6941,1,1,20.5,4.53,0,5.3
84,2354,0.594,穷人,7306.9,5234.3,0.7163,1,0,18.5,3.52,0,5.1
84,2355,0.594,穷人,15757.6,2193.1,0.1392,0,0,29.2,1.69,0,26.3
84,2356,0.594,穷人,38391.7,37322.0,0.9721,1,1,5.6,4.07,0,12.7
84,2357,0.594,穷人,13553.7,2102.7,0.1551,0,0,28.9,1.35,0,14.2
84,2358,0.594,穷人,10319.6,1937.3,0.1877,0,0,27.2,1.5,0,7.3
84,2359,0.594,穷人,8674.8,1105.6,0.1274,0,0,25.6,1.0,0,16.8
84,2360,0.594,穷人,12374.4,1183.7,0.0957,0,0,29.1,1.0,0,10.1
84,2361,0.594,穷人,5956.4,88.1,0.0148,0,0,29.8,1.0,0,4.4
84,2362,0.594,穷人,9685.7,2176.7,0.2247,0,0,26.6,1.0,0,13.4
84,2363,0.594,穷人,20360.7,2357.8,0.1158,0,0,29.2,1.49,0,21.8
84,2364,0.594,穷人,4047.0,405.1,0.1001,0,0,25.5,1.36,0,29.4
84,2365,0.594,穷人,10191.0,5708.1,0.5601,1,1,15.5,3.11,0,6.6
84,2366,0.594,穷人,23201.1,15021.5,0.6475,1,1,1.8,3.99,1,9.3
84,2367,0.594,穷人,14948.7,1099.0,0.0735,0,0,29.4,2.21,0,5.5
84,2368,0.594,穷人,21095.0,14110.0,0.6689,1,0,4.7,4.15,0,8.4
84,2369,0.594,穷人,57166.4,4777.2,0.0836,0,0,24.3,2.2,0,15.2
84,2370,0.594,穷人,7805.2,764.2,0.0979,0,0,29.9,1.96,0,8.0
84,2371,0.594,穷人,7069.7,3980.7,0.5631,1,1,22.0,5.23,0,7.1
84,2372,0.594,穷人,16255.8,4548.6,0.2798,0,0,27.9,1.71,0,16.5
84,2373,0.594,穷人,3392.3,1943.7,0.573,1,1,23.4,6.68,1,5.6
84,2374,0.594,穷人,10610.0,1405.0,0.1324,0,0,24.1,1.78,0,58.2
84,2375,0.594,穷人,14669.9,1035.5,0.0706,0,0,28.2,1.0,0,8.5
84,2376,0.594,穷人,12138.7,10995.2,0.9058,1,1,17.0,5.45,1,7.4
84,2377,0.594,穷人,9140.5,1604.6,0.1756,0,0,28.5,1.57,0,30.2
84,2378,0.594,穷人,7888.3,3508.8,0.4448,1,1,18.2,3.32,0,12.5
84,2379,0.594,穷人,13900.0,965.5,0.0695,0,0,27.7,1.0,0,7.3
84,2380,0.594,穷人,7161.7,407.2,0.0569,0,0,25.6,2.19,0,18.6
84,2381,0.594,穷人,9010.2,3189.3,0.354,0,0,24.3,3.09,0,18.6
84,2382,0.594,穷人,2856.8,2086.1,0.7302,1,1,19.2,3.74,0,19.2
84,2383,0.594,穷人,22529.1,635.3,0.0282,0,0,26.9,2.68,0,15.4
84,2384,0.594,穷人,11351.8,8032.5,0.7076,1,1,6.3,4.67,1,13.7
84,2385,0.594,穷人,9527.2,2222.1,0.2332,0,0,26.5,1.1,0,18.1
84,2386,0.594,穷人,12344.1,9967.2,0.8074,1,1,6.6,5.15,1,5.1
84,2387,0.594,穷人,22995.0,2174.6,0.0946,0,0,25.6,1.7,0,11.5
84,2388,0.594,穷人,15094.9,12254.4,0.8118,1,1,15.7,5.39,0,5.2
84,2389,0.594,穷人,15592.4,13154.4,0.8436,1,0,11.0,4.38,1,25.4
84,2390,0.594,穷人,10714.8,9363.5,0.8739,1,0,23.2,4.52,0,11.6
84,2391,0.594,穷人,4668.4,866.7,0.1857,0,0,26.4,1.05,0,16.7
84,2392,0.594,穷人,11089.0,1474.9,0.133,0,0,26.9,2.21,0,10.9
84,2393,0.594,穷人,3769.6,2568.6,0.6814,1,1,19.0,4.69,0,11.5
85,2394,0.797,中产,11572.6,1631.7,0.141,0,0,28.1,1.64,0,15.1
85,2395,0.797,中产,29966.9,24371.0,0.8133,1,1,7.0,6.49,1,5.7
85,2396,0.797,中产,57313.3,34033.6,0.5938,1,1,20.0,5.08,0,3.8
85,2397,0.797,中产,14375.3,6518.0,0.4534,1,1,1.9,2.95,0,10.9
85,2398,0.797,中产,17530.9,15917.0,0.9079,1,1,8.6,6.65,1,7.4
85,2399,0.797,中产,14493.9,11282.5,0.7784,1,1,8.8,4.88,1,18.5
85,2400,0.797,中产,16923.2,7680.9,0.4539,1,0,3.1,4.24,1,5.8
85,2401,0.797,中产,16091.0,9516.6,0.5914,1,1,6.6,6.07,1,3.8
85,2402,0.797,中产,19072.5,4677.3,0.2452,0,0,25.1,2.49,0,34.1
85,2403,0.797,中产,21439.1,6566.0,0.3063,0,0,25.7,3.02,0,34.3
85,2404,0.797,中产,22971.4,513.3,0.0223,0,0,25.9,2.2,1,9.8
85,2405,0.797,中产,37322.0,9811.7,0.2629,0,0,25.2,3.17,0,10.1
85,2406,0.797,中产,12939.0,10903.8,0.8427,1,1,17.1,6.84,0,3.1
85,2407,0.797,中产,10693.5,795.6,0.0744,0,0,24.2,2.45,0,14.2
85,2408,0.797,中产,9113.6,7674.2,0.8421,1,1,17.7,7.01,1,6.6
85,2409,0.797,中产,37178.8,11981.9,0.3223,0,0,28.1,4.14,0,8.3
85,2410,0.797,中产,39405.4,37715.2,0.9571,1,1,10.9,6.05,0,10.1
85,2411,0.797,中产,30108.7,4730.6,0.1571,0,0,29.1,1.45,0,15.5
86,2412,0.204,中产,64571.2,356.4,0.0055,0,0,28.1,1.53,0,11.5
86,2413,0.204,中产,33477.7,857.1,0.0256,0,0,28.2,1.18,0,22.6
86,2414,0.204,中产,16966.2,2390.2,0.1409,0,0,25.2,1.0,0,12.1
86,2415,0.204,中产,63028.4,50446.3,0.8004,1,1,22.3,4.64,0,5.5
86,2416,0.204,中产,9129.8,4981.3,0.5456,1,1,5.5,4.55,0,9.8
86,2417,0.204,中产,15902.4,1482.9,0.0933,0,0,26.9,2.06,0,32.7
86,2418,0.204,中产,67909.2,7229.0,0.1065,0,0,25.9,1.0,0,7.0
86,2419,0.204,中产,20517.6,1665.1,0.0812,0,0,28.9,1.72,0,10.8
86,2420,0.204,中产,22645.3,21944.2,0.969,1,1,6.2,6.05,0,10.3
86,2421,0.204,中产,47674.6,46551.6,0.9764,1,1,4.0,7.18,1,2.4
86,2422,0.204,中产,53255.6,32607.9,0.6123,1,1,17.8,6.96,1,2.1
86,2423,0.204,中产,61901.3,50054.7,0.8086,1,0,2.1,5.23,1,4.6
86,2424,0.204,中产,14532.1,5113.9,0.3519,0,0,28.6,1.69,0,17.6
86,2425,0.204,中产,34645.7,2717.6,0.0784,0,0,26.7,2.04,0,7.8
86,2426,0.204,中产,21370.7,19082.2,0.8929,1,1,7.2,5.79,0,12.0
86,2427,0.204,中产,46705.9,23526.4,0.5037,1,1,0.6,2.96,0,11.7
86,2428,0.204,中产,28361.0,3625.0,0.1278,0,0,28.1,2.06,0,32.8
86,2429,0.204,中产,71412.7,6140.2,0.086,0,0,29.7,1.88,0,30.6
86,2430,0.204,中产,53163.9,6779.2,0.1275,0,0,29.3,1.53,0,10.1
86,2431,0.204,中产,84272.4,430.4,0.0051,0,0,25.8,1.11,0,24.0
86,2432,0.204,中产,24484.2,6408.4,0.2617,0,0,29.6,4.59,0,8.2
86,2433,0.204,中产,83772.4,11368.1,0.1357,0,0,29.5,1.96,0,22.4
86,2434,0.204,中产,35446.4,3773.8,0.1065,0,0,24.5,2.56,0,33.7
86,2435,0.204,中产,22788.0,911.7,0.04,0,0,24.2,1.32,0,25.9
86,2436,0.204,中产,46869.6,9929.5,0.2119,0,0,30.0,2.68,0,46.6
86,2437,0.204,中产,31066.3,5758.9,0.1854,0,0,27.3,2.89,0,9.9
86,2438,0.204,中产,33307.8,5445.0,0.1635,0,0,25.5,1.62,1,47.8
86,2439,0.204,中产,46320.2,44262.7,0.9556,1,0,18.6,6.69,0,3.7
86,2440,0.204,中产,3650.8,531.1,0.1455,0,0,29.4,1.79,0,11.6
86,2441,0.204,中产,9389.9,1877.2,0.1999,0,0,25.0,2.03,0,30.5
86,2442,0.204,中产,11757.8,7087.9,0.6028,1,1,5.5,4.89,0,6.4
86,2443,0.204,中产,38017.1,2811.8,0.074,0,0,29.4,1.89,0,7.4
86,2444,0.204,中产,56731.2,21624.4,0.3812,0,0,25.8,2.86,0,5.4
86,2445,0.204,中产,46504.5,25725.8,0.5532,1,1,18.8,3.67,0,4.2
86,2446,0.204,中产,53411.6,24446.6,0.4577,1,1,7.6,5.75,1,3.1
86,2447,0.204,中产,35725.1,32568.4,0.9116,1,0,18.9,4.08,0,24.4
87,2448,0.553,中产,18450.8,15811.5,0.857,1,0,4.1,5.2,0,6.3
87,2449,0.553,中产,11551.2,1807.3,0.1565,0,0,24.1,1.97,1,12.5
87,2450,0.553,中产,9448.8,1815.6,0.1922,0,0,25.0,2.73,0,9.2
87,2451,0.553,中产,24841.8,6693.3,0.2694,0,0,28.9,2.84,0,5.4
87,2452,0.553,中产,11884.2,6254.3,0.5263,1,0,5.3,3.42,0,8.8
87,2453,0.553,中产,10860.8,3362.1,0.3096,0,0,29.1,4.09,0,8.7
87,2454,0.553,中产,21869.1,2321.0,0.1061,0,0,29.0,1.55,0,14.7
87,2455,0.553,中产,57004.8,13355.9,0.2343,0,0,26.1,2.86,0,7.8
87,2456,0.553,中产,19338.0,16447.2,0.8505,1,1,7.3,5.42,1,9.6
87,2457,0.553,中产,26283.8,8305.9,0.316,0,0,26.6,3.75,0,6.4
87,2458,0.553,中产,44012.0,10485.4,0.2382,0,0,29.7,4.5,1,7.9
87,2459,0.553,中产,16579.5,401.7,0.0242,0,0,30.0,2.71,0,12.0
87,2460,0.553,中产,38144.4,497.5,0.013,0,0,25.4,1.43,0,14.2
87,2461,0.553,中产,25853.7,1183.7,0.0458,0,0,26.2,1.02,0,22.1
87,2462,0.553,中产,43343.9,35759.1,0.825,1,0,16.2,4.52,0,32.6
87,2463,0.553,中产,29736.4,1558.6,0.0524,0,0,26.4,1.46,0,24.3
87,2464,0.553,中产,23613.6,5213.1,0.2208,0,0,25.5,3.13,0,11.4
87,2465,0.553,中产,8279.0,3216.1,0.3885,0,0,28.0,2.32,0,12.1
87,2466,0.553,中产,29699.6,6001.3,0.2021,0,0,27.1,3.85,1,13.6
87,2467,0.553,中产,40997.3,3605.2,0.0879,0,0,24.2,2.62,0,8.5
87,2468,0.553,中产,14347.5,876.5,0.0611,0,0,25.2,1.0,0,14.5
87,2469,0.553,中产,6089.3,946.2,0.1554,0,0,26.7,2.59,0,7.3
87,2470,0.553,中产,30400.5,5787.8,0.1904,0,0,26.4,2.86,1,8.3
87,2471,0.553,中产,158165.2,122119.5,0.7721,1,1,22.4,6.42,1,7.7
87,2472,0.553,中产,23252.8,2488.7,0.107,0,0,29.2,3.29,0,13.4
87,2473,0.553,中产,26646.1,2289.6,0.0859,0,0,29.9,1.52,0,24.7
87,2474,0.553,中产,14965.5,14456.0,0.966,1,1,22.9,7.12,1,7.1
87,2475,0.553,中产,50279.5,9078.5,0.1806,0,0,26.7,4.25,0,7.9
87,2476,0.553,中产,37508.2,5648.6,0.1506,0,0,26.1,3.28,1,6.8
87,2477,0.553,中产,26153.4,7177.3,0.2744,0,0,26.8,2.41,0,6.2
87,2478,0.553,中产,15666.7,11628.2,0.7422,1,1,20.1,5.46,1,3.0
87,2479,0.553,中产,15254.4,13583.3,0.8905,1,0,13.8,7.02,0,4.8
87,2480,0.553,中产,38025.8,5904.4,0.1553,0,0,26.7,1.72,0,9.8
87,2481,0.553,中产,39765.1,33257.7,0.8364,1,0,17.4,6.17,0,3.7
87,2482,0.553,中产,40661.1,2262.9,0.0557,0,0,25.3,2.68,0,16.0
88,2483,0.47,穷人,12393.5,1464.8,0.1182,0,0,25.6,1.0,0,20.2
88,2484,0.47,穷人,15027.1,2327.6,0.1549,0,0,26.1,2.22,0,22.2
88,2485,0.47,穷人,16229.7,2603.5,0.1604,0,0,28.6,1.0,0,11.5
88,2486,0.47,穷人,2996.1,480.0,0.1602,0,0,25.6,1.62,0,18.9
88,2487,0.47,穷人,11841.8,8176.1,0.6904,1,1,15.8,3.38,0,7.8
88,2488,0.47,穷人,16760.0,86.7,0.0052,0,0,26.4,1.64,0,9.3
88,2489,0.47,穷人,19697.0,7914.2,0.4018,1,1,16.0,4.06,0,6.8
88,2490,0.47,穷人,4726.5,1125.9,0.2382,0,0,29.0,1.63,0,11.6
88,2491,0.47,穷人,35805.0,25273.1,0.7059,1,1,10.9,5.51,1,3.6
88,2492,0.47,穷人,6269.5,5743.7,0.9161,1,1,9.5,6.4,1,8.4
88,2493,0.47,穷人,24811.6,20107.5,0.8104,1,1,0.6,3.37,1,9.4
88,2494,0.47,穷人,8949.4,795.7,0.0889,0,0,28.6,1.95,0,12.1
88,2495,0.47,穷人,17011.1,4138.4,0.2433,0,0,27.1,1.0,0,22.3
88,2496,0.47,穷人,17510.3,14504.1,0.8283,1,0,0.4,4.08,0,16.4
88,2497,0.47,穷人,4477.4,115.0,0.0257,0,0,29.6,1.0,0,10.8
88,2498,0.47,穷人,13457.1,105.8,0.0079,0,0,29.1,1.0,0,8.4
88,2499,0.47,穷人,12131.2,8487.1,0.6996,1,0,17.7,2.77,0,4.8
89,2500,0.593,富人,27012.3,11646.1,0.4311,1,1,3.7,4.36,0,17.2
89,2501,0.593,富人,32330.4,2938.6,0.0909,0,0,24.3,1.0,0,21.6
89,2502,0.593,富人,102862.6,25859.0,0.2514,0,0,28.8,1.0,0,9.0
89,2503,0.593,富人,11076.6,59.1,0.0053,0,0,24.9,1.22,0,8.0
89,2504,0.593,富人,38217.7,23375.5,0.6116,1,0,0.5,3.89,0,15.9
89,2505,0.593,富人,36633.5,4771.8,0.1303,0,0,24.9,1.39,0,25.5
89,2506,0.593,富人,29462.1,25569.7,0.8679,1,1,21.6,4.85,0,12.7
89,2507,0.593,富人,27562.0,25956.8,0.9418,1,0,3.8,4.08,0,17.9
89,2508,0.593,富人,25105.5,17266.8,0.6878,1,1,16.8,2.85,0,19.9
89,2509,0.593,富人,37682.6,639.1,0.017,0,0,25.3,1.0,0,12.0
89,2510,0.593,富人,34421.7,3461.3,0.1006,0,0,27.3,1.0,0,38.9
89,2511,0.593,富人,68828.2,18053.5,0.2623,0,0,24.4,1.9,0,17.2
89,2512,0.593,富人,24175.0,9857.7,0.4078,0,0,28.4,1.9,0,14.5
89,2513,0.593,富人,62505.3,696.6,0.0111,0,0,29.6,1.17,0,23.1
89,2514,0.593,富人,36381.7,4364.6,0.12,0,0,25.8,1.7,0,9.6
89,2515,0.593,富人,63562.4,13750.4,0.2163,0,0,28.9,1.56,0,12.5
89,2516,0.593,富人,57323.7,51614.2,0.9004,1,1,18.2,6.15,1,4.5
89,2517,0.593,富人,22709.7,4279.9,0.1885,0,0,24.4,2.05,0,12.7
89,2518,0.593,富人,28316.3,5941.6,0.2098,0,0,25.8,1.0,0,5.7
89,2519,0.593,富人,102026.0,30693.1,0.3008,0,0,27.4,1.38,0,8.7
89,2520,0.593,富人,33936.1,887.9,0.0262,0,0,24.3,1.0,0,38.3
89,2521,0.593,富人,27604.0,6574.8,0.2382,0,0,29.6,1.0,0,12.0
89,2522,0.593,富人,50226.9,1935.1,0.0385,0,0,24.8,1.0,0,9.5
89,2523,0.593,富人,70869.1,8044.3,0.1135,0,0,29.8,1.88,0,25.8
89,2524,0.593,富人,93381.1,314.9,0.0034,0,0,28.3,1.0,0,17.8
89,2525,0.593,富人,19800.6,3741.2,0.1889,0,0,25.1,1.0,0,17.2
89,2526,0.593,富人,60608.2,4473.1,0.0738,0,0,29.9,1.99,0,9.9
89,2527,0.593,富人,76732.4,5642.5,0.0735,0,0,29.5,1.0,0,25.5
89,2528,0.593,富人,70562.8,8600.0,0.1219,0,0,25.1,1.0,0,7.7
89,2529,0.593,富人,6248.3,4867.4,0.779,1,0,13.9,3.54,0,12.4
89,2530,0.593,富人,50923.9,12662.6,0.2487,0,0,27.4,2.33,0,47.3
89,2531,0.593,富人,22944.2,4920.2,0.2144,0,0,28.0,1.45,0,11.8
89,2532,0.593,富人,30986.9,2424.3,0.0782,0,0,24.6,1.0,0,4.7
89,2533,0.593,富人,74814.3,8915.0,0.1192,0,0,24.2,1.0,0,12.9
89,2534,0.593,富人,54507.6,9558.3,0.1754,0,0,28.1,1.0,0,15.2
89,2535,0.593,富人,31873.8,10965.7,0.344,0,0,25.4,1.11,0,25.4
89,2536,0.593,富人,62826.1,22169.6,0.3529,0,0,24.3,2.5,0,17.6
90,2537,0.598,富人,94800.4,22693.9,0.2394,0,0,28.0,1.15,0,18.0
90,2538,0.598,富人,47038.9,39167.0,0.8327,1,1,0.8,3.86,0,4.0
90,2539,0.598,富人,142779.2,27674.5,0.1938,0,0,28.2,1.49,0,12.7
90,2540,0.598,富人,60758.4,36345.1,0.5982,1,1,14.6,4.38,1,3.9
90,2541,0.598,富人,19142.9,13686.0,0.7149,1,1,7.5,3.67,0,25.5
90,2542,0.598,富人,61429.5,13688.3,0.2228,0,0,26.4,1.0,0,15.3
90,2543,0.598,富人,34158.4,17949.0,0.5255,1,1,19.5,3.55,0,7.3
90,2544,0.598,富人,10388.2,2422.9,0.2332,0,0,28.1,1.0,0,22.1
90,2545,0.598,富人,55875.2,52268.7,0.9355,1,1,9.8,4.99,0,6.2
90,2546,0.598,富人,20049.6,4053.0,0.2021,0,0,24.7,1.44,0,20.0
90,2547,0.598,富人,70462.8,50478.0,0.7164,1,1,10.6,4.68,1,6.0
90,2548,0.598,富人,41119.7,26132.6,0.6355,1,1,7.5,4.59,1,15.6
90,2549,0.598,富人,11097.0,10881.2,0.9806,1,0,19.2,2.52,0,8.9
90,2550,0.598,富人,18501.7,1979.5,0.107,0,0,27.3,1.34,0,27.5
90,2551,0.598,富人,28942.8,18252.7,0.6306,1,0,8.5,4.2,0,8.9
90,2552,0.598,富人,24346.4,11143.0,0.4577,0,0,25.0,2.39,0,9.2
90,2553,0.598,富人,28842.9,21577.1,0.7481,1,1,18.6,4.82,0,3.5
90,2554,0.598,富人,27492.8,3455.3,0.1257,0,0,29.5,1.0,0,16.6
90,2555,0.598,富人,16786.5,7247.7,0.4318,0,0,27.1,2.22,0,13.1
90,2556,0.598,富人,130654.8,12575.6,0.0963,0,0,28.2,1.04,0,4.3
90,2557,0.598,富人,41032.9,3761.2,0.0917,0,0,26.9,1.0,0,20.9
90,2558,0.598,富人,73753.3,66426.0,0.9007,1,0,14.4,4.68,0,7.8
90,2559,0.598,富人,85412.5,1184.1,0.0139,0,0,28.6,1.0,0,11.1
90,2560,0.598,富人,42475.7,9775.6,0.2301,0,0,24.6,2.39,0,14.1
90,2561,0.598,富人,28764.5,11463.5,0.3985,0,0,27.1,1.0,1,37.6
90,2562,0.598,富人,31749.9,7740.9,0.2438,0,0,25.0,2.85,0,20.0
90,2563,0.598,富人,31574.6,19643.5,0.6221,1,0,3.6,4.39,0,3.4
90,2564,0.598,富人,38241.7,4190.1,0.1096,0,0,26.8,1.15,0,25.4
90,2565,0.598,富人,27289.8,5248.9,0.1923,0,0,27.3,1.22,0,27.0
90,2566,0.598,富人,27378.6,4618.3,0.1687,0,0,29.1,1.76,0,22.3
90,2567,0.598,富人,56583.2,50388.8,0.8905,1,1,17.1,4.78,1,10.8
90,2568,0.598,富人,26245.3,1451.4,0.0553,0,0,30.0,1.52,0,27.5
90,2569,0.598,富人,38846.7,3473.2,0.0894,0,0,24.3,1.45,0,12.7
91,2570,0.579,中产,26951.3,1180.7,0.0438,0,0,26.3,2.58,0,22.4
91,2571,0.579,中产,17748.9,12248.2,0.6901,1,1,21.4,4.72,1,6.0
91,2572,0.579,中产,27108.7,3739.1,0.1379,0,0,24.5,1.92,0,11.5
91,2573,0.579,中产,11446.7,1380.3,0.1206,0,0,25.2,2.42,0,17.9
91,2574,0.579,中产,10692.0,2955.3,0.2764,0,0,26.2,2.7,0,16.9
91,2575,0.579,中产,13154.7,3731.4,0.2837,0,0,24.3,2.03,0,15.9
91,2576,0.579,中产,29665.7,979.8,0.033,0,0,25.5,1.81,0,11.2
91,2577,0.579,中产,16995.7,11765.8,0.6923,1,1,5.9,4.45,0,15.3
91,2578,0.579,中产,29503.4,17302.8,0.5865,1,1,6.1,4.04,0,8.2
91,2579,0.579,中产,33953.9,4097.6,0.1207,0,0,25.4,1.0,0,15.8
91,2580,0.579,中产,10009.1,190.9,0.0191,0,0,25.1,3.22,0,14.0
91,2581,0.579,中产,33391.4,31207.0,0.9346,1,1,3.8,5.4,1,5.7
91,2582,0.579,中产,15961.1,143.1,0.009,0,0,27.1,2.92,0,11.3
91,2583,0.579,中产,35496.9,4498.9,0.1267,0,0,28.0,1.98,0,18.6
91,2584,0.579,中产,21848.8,1593.9,0.073,0,0,27.7,2.33,0,29.6
91,2585,0.579,中产,14660.6,2952.8,0.2014,0,0,27.0,1.68,1,15.7
91,2586,0.579,中产,8449.4,2229.5,0.2639,0,0,24.9,1.95,0,11.5
91,2587,0.579,中产,57580.2,33149.6,0.5757,1,1,15.4,3.99,0,10.4
91,2588,0.579,中产,24860.1,4974.7,0.2001,0,0,24.6,1.94,0,18.1
91,2589,0.579,中产,7385.4,5993.8,0.8116,1,1,5.4,5.12,0,7.8
92,2590,0.776,穷人,27775.1,4684.1,0.1686,0,0,24.9,1.88,0,12.4
92,2591,0.776,穷人,11654.7,9537.7,0.8184,1,0,22.5,5.87,1,5.2
92,2592,0.776,穷人,37161.7,2754.6,0.0741,0,0,26.2,2.1,0,12.6
92,2593,0.776,穷人,22990.0,1784.2,0.0776,0,0,25.1,3.37,1,6.7
92,2594,0.776,穷人,20678.8,4869.9,0.2355,0,0,25.6,3.19,1,6.6
92,2595,0.776,穷人,12074.0,5220.3,0.4324,1,0,9.7,4.53,1,10.8
92,2596,0.776,穷人,4290.3,3464.2,0.8075,1,1,9.5,6.0,0,5.7
92,2597,0.776,穷人,9852.1,2080.2,0.2111,0,0,25.5,2.56,0,7.3
92,2598,0.776,穷人,8428.5,648.1,0.0769,0,0,26.6,3.36,1,5.3
92,2599,0.776,穷人,11165.6,953.2,0.0854,0,0,25.4,3.37,1,12.6
92,2600,0.776,穷人,42443.7,5015.6,0.1182,0,0,25.0,2.91,0,16.4
92,2601,0.776,穷人,16528.5,648.4,0.0392,0,0,28.8,2.97,0,17.5
92,2602,0.776,穷人,6173.1,964.3,0.1562,0,0,29.8,2.14,0,26.8
92,2603,0.776,穷人,25786.0,2544.9,0.0987,0,0,29.8,3.34,0,17.0
92,2604,0.776,穷人,19309.6,425.5,0.022,0,0,28.6,1.67,0,14.4
92,2605,0.776,穷人,21015.2,3856.1,0.1835,0,0,27.2,3.03,0,20.7
93,2606,0.844,富人,23656.2,1446.3,0.0611,0,0,24.7,1.0,0,10.9
93,2607,0.844,富人,31180.7,2565.3,0.0823,0,0,28.9,1.13,0,9.2
93,2608,0.844,富人,11470.1,284.5,0.0248,0,0,29.8,2.11,0,27.2
93,2609,0.844,富人,36222.3,7687.9,0.2122,0,0,27.9,1.35,0,24.0
93,2610,0.844,富人,21235.7,5518.9,0.2599,0,0,24.2,2.3,0,18.0
93,2611,0.844,富人,48117.6,9101.5,0.1892,0,0,24.1,1.0,0,21.6
93,2612,0.844,富人,13905.5,1113.0,0.08,0,0,24.4,2.02,0,18.2
93,2613,0.844,富人,17167.3,2548.3,0.1484,0,0,28.3,1.67,0,15.1
93,2614,0.844,富人,45869.0,39680.0,0.8651,1,1,0.7,4.31,0,10.0
93,2615,0.844,富人,32226.1,4825.3,0.1497,0,0,29.7,1.66,0,31.8
93,2616,0.844,富人,26888.9,5683.9,0.2114,0,0,26.7,1.4,0,6.9
93,2617,0.844,富人,93113.1,89656.1,0.9629,1,1,18.1,5.72,1,11.6
93,2618,0.844,富人,32373.4,30773.5,0.9506,1,1,21.2,5.47,1,14.0
93,2619,0.844,富人,30140.9,3858.2,0.128,0,0,26.9,3.33,0,9.5
93,2620,0.844,富人,10255.1,842.8,0.0822,0,0,25.8,1.0,0,34.3
93,2621,0.844,富人,18478.1,1983.6,0.1073,0,0,28.4,2.71,0,6.7
93,2622,0.844,富人,19573.8,1102.5,0.0563,0,0,28.8,1.0,0,12.9
93,2623,0.844,富人,41577.1,6797.0,0.1635,0,0,27.4,1.0,0,8.0
93,2624,0.844,富人,41324.2,6379.6,0.1544,0,0,26.8,1.48,0,54.6
94,2625,0.427,中产,30330.7,7510.2,0.2476,0,0,24.6,1.0,0,34.5
94,2626,0.427,中产,13640.8,814.5,0.0597,0,0,25.0,1.52,0,18.0
94,2627,0.427,中产,31262.4,992.1,0.0317,0,0,24.8,1.0,0,6.6
94,2628,0.427,中产,18512.9,334.2,0.0181,0,0,26.0,1.0,0,17.5
94,2629,0.427,中产,16993.5,10662.0,0.6274,1,1,11.7,2.85,0,53.1
94,2630,0.427,中产,40007.2,5779.0,0.1444,0,0,26.0,1.64,0,26.6
94,2631,0.427,中产,28033.1,2345.8,0.0837,0,0,25.8,1.0,0,13.9
94,2632,0.427,中产,11698.4,2169.2,0.1854,0,0,27.0,1.0,0,7.4
94,2633,0.427,中产,58658.4,39084.7,0.6663,1,0,23.0,4.15,1,5.6
94,2634,0.427,中产,16219.6,10931.5,0.674,1,1,5.0,4.63,0,9.8
94,2635,0.427,中产,56447.4,14303.7,0.2534,0,0,25.2,1.0,0,24.3
94,2636,0.427,中产,16143.6,2278.3,0.1411,0,0,29.8,1.83,0,13.6
94,2637,0.427,中产,24619.4,4637.8,0.1884,0,0,29.0,1.65,0,11.0
94,2638,0.427,中产,27970.5,24266.2,0.8676,1,1,14.7,5.7,1,7.0
94,2639,0.427,中产,23313.8,19827.7,0.8505,1,1,9.9,4.5,1,10.7
94,2640,0.427,中产,32710.6,5181.9,0.1584,0,0,27.8,1.0,0,51.7
94,2641,0.427,中产,18811.3,845.6,0.045,0,0,28.5,1.0,0,13.6
94,2642,0.427,中产,22461.6,4335.1,0.193,0,0,27.7,1.0,0,10.2
94,2643,0.427,中产,57134.9,8573.7,0.1501,0,0,25.7,1.0,0,9.9
94,2644,0.427,中产,17938.2,13317.7,0.7424,1,1,6.9,5.25,0,8.5
94,2645,0.427,中产,26187.7,3836.2,0.1465,0,0,28.8,1.0,0,18.3
94,2646,0.427,中产,19373.5,1763.0,0.091,0,0,24.9,1.0,1,15.8
94,2647,0.427,中产,21321.9,2348.3,0.1101,0,0,27.5,1.0,0,9.2
94,2648,0.427,中产,12686.6,1197.7,0.0944,0,0,26.8,1.43,0,11.7
94,2649,0.427,中产,21315.2,5391.0,0.2529,0,0,24.5,3.62,0,9.0
94,2650,0.427,中产,13143.3,8460.9,0.6437,1,1,23.3,3.15,0,12.6
94,2651,0.427,中产,12656.0,10252.0,0.8101,1,1,9.9,4.15,1,10.1
94,2652,0.427,中产,26497.3,23649.4,0.8925,1,1,16.8,5.16,1,5.0
94,2653,0.427,中产,7927.5,2893.2,0.365,0,0,28.6,1.11,0,11.9
94,2654,0.427,中产,10818.0,9256.3,0.8556,1,1,2.9,6.17,1,5.6
94,2655,0.427,中产,12821.2,11036.6,0.8608,1,0,8.1,3.3,0,12.1
94,2656,0.427,中产,25898.3,4499.5,0.1737,0,0,27.6,2.37,0,4.9
94,2657,0.427,中产,14729.0,12978.4,0.8811,1,1,21.8,6.83,0,8.0
94,2658,0.427,中产,17322.4,12661.3,0.7309,1,1,16.0,5.83,1,5.2
94,2659,0.427,中产,9798.1,8639.1,0.8817,1,0,20.1,5.15,1,7.1
94,2660,0.427,中产,29248.1,11620.0,0.3973,1,1,0.4,3.37,0,18.1
95,2661,0.305,穷人,5491.3,4999.5,0.9104,1,1,6.7,5.06,0,6.7
95,2662,0.305,穷人,16105.1,10809.3,0.6712,1,0,5.1,3.4,0,8.2
95,2663,0.305,穷人,10691.4,6226.5,0.5824,1,1,23.5,5.48,1,5.7
95,2664,0.305,穷人,2578.9,2363.4,0.9165,1,1,23.4,5.8,1,10.2
95,2665,0.305,穷人,12590.7,8588.2,0.6821,1,1,9.7,4.44,0,8.9
95,2666,0.305,穷人,21112.7,2052.8,0.0972,0,0,29.2,1.69,0,14.8
95,2667,0.305,穷人,8681.7,247.9,0.0286,0,0,25.9,1.0,0,12.3
95,2668,0.305,穷人,10935.5,9441.5,0.8634,1,1,4.9,5.66,0,8.8
95,2669,0.305,穷人,19779.8,14866.4,0.7516,1,1,16.3,4.0,0,4.4
95,2670,0.305,穷人,5398.4,4809.2,0.8909,1,1,3.5,4.83,1,4.1
95,2671,0.305,穷人,3612.6,139.8,0.0387,0,0,26.0,1.0,0,24.3
95,2672,0.305,穷人,15750.6,14177.4,0.9001,1,0,1.8,4.54,0,6.8
95,2673,0.305,穷人,12725.6,9456.0,0.7431,1,1,9.0,3.88,0,14.1
95,2674,0.305,穷人,5880.6,4192.3,0.7129,1,0,0.1,3.26,0,13.3
95,2675,0.305,穷人,8589.0,89.7,0.0104,0,0,29.3,1.2,0,8.7
95,2676,0.305,穷人,5112.0,740.8,0.1449,0,0,26.0,1.31,0,8.8
95,2677,0.305,穷人,7409.7,492.6,0.0665,0,0,24.1,1.0,0,42.7
95,2678,0.305,穷人,10332.8,1324.9,0.1282,0,0,27.4,1.0,0,30.8
95,2679,0.305,穷人,3809.1,2959.4,0.7769,1,0,12.3,4.1,0,4.0
95,2680,0.305,穷人,11352.0,731.4,0.0644,0,0,25.9,1.98,0,23.8
95,2681,0.305,穷人,7210.0,2120.8,0.2942,0,0,26.1,2.18,0,13.1
95,2682,0.305,穷人,9771.6,1990.2,0.2037,0,0,26.4,1.0,0,18.0
95,2683,0.305,穷人,2965.7,2210.7,0.7454,1,0,5.6,4.61,1,11.1
95,2684,0.305,穷人,10642.9,1023.3,0.0961,0,0,29.3,1.49,0,24.5
95,2685,0.305,穷人,15833.0,13173.1,0.832,1,1,19.6,5.76,0,16.7
96,2686,0.141,中产,12885.2,3327.1,0.2582,0,0,27.0,1.68,1,14.7
96,2687,0.141,中产,26263.6,8704.4,0.3314,0,0,24.9,2.05,0,19.2
96,2688,0.141,中产,19563.3,10607.7,0.5422,1,0,14.9,3.28,0,10.2
96,2689,0.141,中产,42499.0,28424.6,0.6688,1,1,21.3,4.22,0,2.6
96,2690,0.141,中产,21032.2,2290.7,0.1089,0,0,29.3,2.72,0,12.0
96,2691,0.141,中产,35941.7,1874.1,0.0521,0,0,29.3,1.0,0,23.4
96,2692,0.141,中产,39937.8,2412.2,0.0604,0,0,24.2,1.55,0,14.8
96,2693,0.141,中产,9613.5,2881.3,0.2997,0,0,29.6,1.91,0,23.9
96,2694,0.141,中产,15328.9,149.4,0.0097,0,0,29.4,1.0,0,28.7
96,2695,0.141,中产,14211.0,12266.4,0.8632,1,1,19.4,4.9,0,6.5
96,2696,0.141,中产,5589.6,3694.5,0.661,1,1,14.9,3.96,0,8.1
96,2697,0.141,中产,12741.2,2631.9,0.2066,0,0,28.8,2.43,0,20.0
96,2698,0.141,中产,22709.4,17168.5,0.756,1,1,2.3,4.53,0,13.2
96,2699,0.141,中产,19648.1,16255.6,0.8273,1,0,23.9,5.4,1,5.9
96,2700,0.141,中产,14298.1,829.8,0.058,0,0,27.9,1.0,0,18.9
96,2701,0.141,中产,50808.6,40607.1,0.7992,1,1,0.2,6.28,1,4.1
96,2702,0.141,中产,22332.5,1901.4,0.0851,0,0,24.9,1.65,0,5.7
96,2703,0.141,中产,15587.7,12822.2,0.8226,1,0,23.8,3.17,0,12.0
96,2704,0.141,中产,12674.4,367.7,0.029,0,0,25.4,2.11,0,14.9
96,2705,0.141,中产,24795.0,18574.4,0.7491,1,0,5.8,4.48,0,4.4
96,2706,0.141,中产,7607.3,1488.5,0.1957,0,0,24.2,1.05,0,11.1
96,2707,0.141,中产,20186.8,14211.7,0.704,1,1,0.7,3.99,0,18.2
96,2708,0.141,中产,37275.2,33986.2,0.9118,1,1,23.1,4.13,0,15.2
96,2709,0.141,中产,13862.7,11730.9,0.8462,1,0,19.3,4.83,1,4.6
96,2710,0.141,中产,18282.3,13978.3,0.7646,1,1,11.6,4.07,0,7.4
96,2711,0.141,中产,10012.2,7984.2,0.7975,1,1,13.6,4.31,0,9.1
96,2712,0.141,中产,14082.3,1080.7,0.0767,0,0,24.6,1.91,0,25.2
96,2713,0.141,中产,21067.6,14930.3,0.7087,1,1,22.2,5.44,1,4.5
96,2714,0.141,中产,15830.2,469.8,0.0297,0,0,27.1,1.07,0,31.2
96,2715,0.141,中产,9487.2,179.4,0.0189,0,0,24.9,1.0,0,15.7
96,2716,0.141,中产,12133.7,720.4,0.0594,0,0,24.1,1.31,0,11.4
96,2717,0.141,中产,20047.7,839.2,0.0419,0,0,26.4,1.0,0,21.2
96,2718,0.141,中产,17683.1,9145.0,0.5172,1,1,12.1,3.23,0,6.3
96,2719,0.141,中产,20383.1,2841.8,0.1394,0,0,25.6,1.61,0,8.8
97,2720,0.885,中产,18461.1,2310.5,0.1252,0,0,25.9,2.48,0,6.7
97,2721,0.885,中产,10164.9,1708.2,0.1681,0,0,28.8,2.45,0,5.6
97,2722,0.885,中产,15295.4,14731.0,0.9631,1,1,18.3,7.08,1,12.5
97,2723,0.885,中产,22072.5,6267.1,0.2839,0,0,24.6,2.95,0,17.0
97,2724,0.885,中产,37699.0,1616.1,0.0429,0,0,27.4,2.15,0,12.9
97,2725,0.885,中产,52300.6,9562.0,0.1828,0,0,26.3,2.05,0,20.2
97,2726,0.885,中产,19184.0,992.7,0.0517,0,0,29.7,2.06,0,15.6
97,2727,0.885,中产,25754.0,3553.4,0.138,0,0,27.6,2.65,0,19.9
97,2728,0.885,中产,43568.7,40517.1,0.93,1,1,18.8,5.48,1,3.8
97,2729,0.885,中产,33248.1,1724.9,0.0519,0,0,29.1,2.03,1,13.9
97,2730,0.885,中产,14552.1,1907.7,0.1311,0,0,26.5,2.43,0,26.5
97,2731,0.885,中产,24010.3,17033.8,0.7094,1,1,11.5,6.01,1,2.9
97,2732,0.885,中产,14465.3,502.2,0.0347,0,0,27.7,1.4,0,14.5
97,2733,0.885,中产,13594.7,2396.7,0.1763,0,0,26.8,2.77,0,7.1
97,2734,0.885,中产,30030.4,7116.0,0.237,0,0,25.7,1.81,0,18.9
97,2735,0.885,中产,10522.1,749.3,0.0712,0,0,25.4,2.03,0,9.4
98,2736,0.256,穷人,26619.3,4953.1,0.1861,0,0,24.0,1.0,0,41.1
98,2737,0.256,穷人,7417.7,6710.8,0.9047,1,1,15.9,3.8,0,18.9
98,2738,0.256,穷人,9353.4,5336.7,0.5706,1,1,14.1,2.69,0,7.6
98,2739,0.256,穷人,25176.6,7215.6,0.2866,0,0,25.4,1.0,0,13.6
98,2740,0.256,穷人,57265.6,1481.9,0.0259,0,0,25.5,1.0,0,14.8
98,2741,0.256,穷人,14225.7,1012.1,0.0711,0,0,28.6,1.0,0,13.3
98,2742,0.256,穷人,13611.9,311.9,0.0229,0,0,25.2,1.0,0,16.1
98,2743,0.256,穷人,16171.9,2801.3,0.1732,0,0,24.0,1.0,0,12.2
98,2744,0.256,穷人,3861.8,460.4,0.1192,0,0,27.4,1.0,0,9.1
98,2745,0.256,穷人,7272.8,5680.7,0.7811,1,0,15.2,2.48,0,13.3
98,2746,0.256,穷人,14487.0,12293.2,0.8486,1,1,12.7,3.74,1,4.2
98,2747,0.256,穷人,14072.7,13324.9,0.9469,1,1,22.5,3.77,1,12.3
98,2748,0.256,穷人,23793.0,3997.0,0.168,0,0,29.8,1.0,0,9.8
98,2749,0.256,穷人,27252.7,1172.9,0.043,0,0,25.5,1.0,0,39.8
98,2750,0.256,穷人,32350.2,30546.8,0.9443,1,0,18.1,3.92,1,13.2
98,2751,0.256,穷人,18463.7,12146.9,0.6579,1,0,10.5,2.55,1,7.0
98,2752,0.256,穷人,6802.4,392.4,0.0577,0,0,25.4,1.0,0,15.3
98,2753,0.256,穷人,19084.1,2447.4,0.1282,0,0,26.4,1.0,0,22.7
98,2754,0.256,穷人,4388.3,801.9,0.1827,0,0,25.5,1.04,0,16.3
98,2755,0.256,穷人,15867.8,2048.8,0.1291,0,0,25.4,1.0,0,26.2
98,2756,0.256,穷人,21643.0,1744.1,0.0806,0,0,28.9,1.01,0,12.3
98,2757,0.256,穷人,6663.5,5231.2,0.7851,1,0,2.3,2.25,0,6.7
98,2758,0.256,穷人,6724.7,4925.0,0.7324,1,1,6.4,3.46,0,5.7
98,2759,0.256,穷人,8196.5,3360.8,0.41,0,0,28.3,1.0,0,9.0
98,2760,0.256,穷人,8887.9,1717.7,0.1933,0,0,28.6,1.0,0,20.3
98,2761,0.256,穷人,16273.0,1463.0,0.0899,0,0,24.0,1.0,0,16.0
98,2762,0.256,穷人,4391.3,4136.9,0.9421,1,1,11.1,4.39,0,12.7
98,2763,0.256,穷人,14188.0,1066.0,0.0751,0,0,29.5,1.0,0,8.3
99,2764,0.427,中产,37688.0,19802.3,0.5254,0,0,25.3,1.17,0,18.7
99,2765,0.427,中产,34288.9,4793.0,0.1398,0,0,28.5,1.0,0,5.9
99,2766,0.427,中产,14077.4,7687.3,0.5461,1,1,21.3,4.85,1,7.9
99,2767,0.427,中产,42151.4,12648.3,0.3001,0,0,24.1,1.45,0,12.1
99,2768,0.427,中产,42248.0,35854.1,0.8487,1,0,21.6,3.66,0,17.0
99,2769,0.427,中产,10397.9,4989.8,0.4799,1,1,12.5,3.58,0,9.0
99,2770,0.427,中产,15288.0,10737.0,0.7023,1,1,8.3,5.63,1,4.7
99,2771,0.427,中产,28756.2,15059.8,0.5237,1,1,10.9,4.14,0,16.8
99,2772,0.427,中产,15866.0,1674.8,0.1056,0,0,24.7,1.0,0,19.1
99,2773,0.427,中产,13750.1,9714.2,0.7065,1,1,14.5,5.47,1,8.0
99,2774,0.427,中产,20673.5,2519.9,0.1219,0,0,30.0,1.0,0,15.3
99,2775,0.427,中产,64616.3,6884.5,0.1065,0,0,30.0,1.0,1,40.3
99,2776,0.427,中产,8509.0,1664.5,0.1956,0,0,29.9,2.27,0,6.6
99,2777,0.427,中产,13792.1,2460.9,0.1784,0,0,25.6,2.15,0,15.0
99,2778,0.427,中产,85939.0,59143.5,0.6882,1,1,8.0,3.93,0,8.9
99,2779,0.427,中产,42374.3,41428.0,0.9777,1,0,20.9,3.85,0,17.7
99,2780,0.427,中产,31181.7,22374.3,0.7175,1,1,2.2,4.06,0,18.3
99,2781,0.427,中产,35310.9,31922.4,0.904,1,1,16.7,5.68,1,4.8
99,2782,0.427,中产,31235.2,2832.7,0.0907,0,0,29.8,1.0,0,27.2
99,2783,0.427,中产,7544.3,91.4,0.0121,0,0,29.7,1.1,0,13.2
99,2784,0.427,中产,10232.7,2243.0,0.2192,0,0,28.3,1.0,0,30.5
99,2785,0.427,中产,34876.7,1182.8,0.0339,0,0,28.1,1.65,0,21.3
99,2786,0.427,中产,14491.3,3290.2,0.227,0,0,27.3,1.41,0,23.3
99,2787,0.427,中产,31343.2,3115.1,0.0994,0,0,29.5,2.06,1,21.2
99,2788,0.427,中产,20603.8,13137.7,0.6376,1,1,16.5,3.6,0,11.1
99,2789,0.427,中产,28347.9,707.2,0.0249,0,0,27.6,1.11,0,16.6
99,2790,0.427,中产,50545.3,33829.6,0.6693,1,1,20.1,4.13,1,17.4
99,2791,0.427,中产,45803.0,13904.4,0.3036,0,0,24.9,1.0,0,9.2
99,2792,0.427,中产,36606.6,1268.1,0.0346,0,0,27.3,1.72,0,17.5
99,2793,0.427,中产,9535.4,8649.0,0.907,1,0,17.5,5.28,0,9.8
99,2794,0.427,中产,11989.3,727.8,0.0607,0,0,29.7,1.0,0,6.0
99,2795,0.427,中产,54638.5,1090.5,0.02,0,0,29.7,1.05,0,28.5
99,2796,0.427,中产,24943.8,22861.1,0.9165,1,1,22.6,4.32,0,2.3
99,2797,0.427,中产,20099.4,1084.0,0.0539,0,0,24.7,1.09,0,7.1
99,2798,0.427,中产,47358.9,444.5,0.0094,0,0,27.1,1.0,0,31.3
99,2799,0.427,中产,23854.7,1613.4,0.0676,0,0,25.1,1.0,0,20.3
100,2800,0.483,穷人,11220.9,7086.1,0.6315,1,0,12.3,2.05,0,23.1
100,2801,0.483,穷人,4583.7,102.4,0.0223,0,0,29.5,1.0,0,15.1
100,2802,0.483,穷人,3222.7,2546.3,0.7901,1,0,7.7,3.31,0,6.7
100,2803,0.483,穷人,8746.4,2007.2,0.2295,0,0,27.2,1.0,0,17.7
100,2804,0.483,穷人,12770.0,10548.8,0.8261,1,0,21.6,3.46,0,3.5
100,2805,0.483,穷人,15953.6,584.5,0.0366,0,0,25.0,1.07,0,19.0
100,2806,0.483,穷人,9899.7,1915.5,0.1935,0,0,25.7,1.0,1,25.0
100,2807,0.483,穷人,15678.2,2311.5,0.1474,0,0,28.1,1.09,0,16.1
100,2808,0.483,穷人,9712.8,7079.2,0.7289,1,0,20.7,4.4,0,11.9
100,2809,0.483,穷人,12733.1,542.1,0.0426,0,0,27.9,2.07,0,25.7
100,2810,0.483,穷人,26755.5,24026.7,0.898,1,1,9.7,5.18,0,21.6
100,2811,0.483,穷人,7329.9,5898.2,0.8047,1,1,5.5,3.54,0,10.7
100,2812,0.483,穷人,9393.7,4672.0,0.4974,1,0,1.7,2.45,0,22.7
100,2813,0.483,穷人,6892.1,1131.8,0.1642,0,0,25.4,2.15,0,8.7
100,2814,0.483,穷人,9316.8,2972.8,0.3191,0,0,29.5,1.42,0,22.1
100,2815,0.483,穷人,5842.0,4682.4,0.8015,1,1,11.1,4.33,1,4.9
100,2816,0.483,穷人,7545.0,1263.1,0.1674,0,0,29.0,1.33,0,42.2
100,2817,0.483,穷人,3346.2,528.7,0.158,0,0,24.1,1.54,0,18.4
100,2818,0.483,穷人,7330.6,6474.6,0.8832,1,1,11.0,3.16,0,7.4
100,2819,0.483,穷人,20985.4,367.7,0.0175,0,0,27.9,1.0,0,17.1
100,2820,0.483,穷人,13209.8,2289.4,0.1733,0,0,28.4,1.0,0,10.5
100,2821,0.483,穷人,7086.8,887.6,0.1252,0,0,25.3,1.55,0,11.9
100,2822,0.483,穷人,5387.3,277.4,0.0515,0,0,29.1,1.0,0,6.2
100,2823,0.483,穷人,5144.1,183.4,0.0356,0,0,27.0,1.6,0,12.3
100,2824,0.483,穷人,20709.7,1142.7,0.0552,0,0,28.8,1.0,0,12.2
100,2825,0.483,穷人,11982.8,258.4,0.0216,0,0,25.3,1.92,0,4.0
100,2826,0.483,穷人,6029.0,951.5,0.1578,0,0,28.6,1.84,0,16.4
100,2827,0.483,穷人,13453.3,11483.2,0.8536,1,1,12.2,4.07,1,3.4
100,2828,0.483,穷人,2778.0,2560.3,0.9216,1,0,8.3,3.76,1,30.5
100,2829,0.483,穷人,6450.7,790.4,0.1225,0,0,29.0,1.26,0,24.8
100,2830,0.483,穷人,1448.8,244.0,0.1684,0,0,29.5,1.0,0,13.5
100,2831,0.483,穷人,8472.5,1082.8,0.1278,0,0,29.4,1.0,0,4.0
101,2832,0.321,富人,50364.2,11292.8,0.2242,0,0,26.4,1.0,0,15.7
101,2833,0.321,富人,29748.3,3703.9,0.1245,0,0,29.5,1.0,0,14.8
101,2834,0.321,富人,35807.7,19799.3,0.5529,1,1,20.1,4.01,1,22.6
101,2835,0.321,富人,84496.2,651.8,0.0077,0,0,24.5,1.0,0,15.9
101,2836,0.321,富人,35877.4,4425.9,0.1234,0,0,27.8,1.0,0,10.2
101,2837,0.321,富人,48475.6,19290.8,0.3979,0,0,26.5,1.0,0,38.8
101,2838,0.321,富人,92279.8,85590.9,0.9275,1,0,12.5,1.62,0,12.2
101,2839,0.321,富人,197538.6,158495.7,0.8024,1,0,2.1,3.05,0,19.0
101,2840,0.321,富人,13240.9,10416.8,0.7867,1,1,8.0,3.79,0,13.4
101,2841,0.321,富人,162766.7,134942.6,0.8291,1,1,7.0,2.73,0,5.9
101,2842,0.321,富人,87026.3,14841.7,0.1705,0,0,24.8,1.0,0,27.5
101,2843,0.321,富人,76809.7,29335.5,0.3819,0,0,26.8,1.22,1,14.7
101,2844,0.321,富人,59841.7,41879.7,0.6998,1,1,15.6,3.08,0,9.5
101,2845,0.321,富人,37890.1,30983.6,0.8177,1,0,14.0,2.46,0,17.6
101,2846,0.321,富人,39035.6,26610.5,0.6817,1,1,4.7,3.2,0,8.7
101,2847,0.321,富人,56984.7,9116.4,0.16,0,0,29.3,1.0,0,10.2
101,2848,0.321,富人,45606.1,5193.4,0.1139,0,0,27.5,1.0,0,9.8
101,2849,0.321,富人,46857.6,1571.3,0.0335,0,0,28.5,1.0,0,5.3
101,2850,0.321,富人,88697.6,26523.4,0.299,0,0,26.1,1.0,0,15.9
101,2851,0.321,富人,71399.1,6521.0,0.0913,0,0,27.3,1.0,0,22.7
101,2852,0.321,富人,60080.1,6443.1,0.1072,0,0,28.5,1.0,0,20.2
101,2853,0.321,富人,137135.1,9080.9,0.0662,0,0,26.3,1.0,0,15.9
101,2854,0.321,富人,29839.0,9315.0,0.3122,1,1,16.4,1.43,0,18.0
101,2855,0.321,富人,25946.3,22412.7,0.8638,1,1,10.5,4.29,0,5.1
101,2856,0.321,富人,31367.0,1913.2,0.061,0,0,28.7,1.0,0,17.1
101,2857,0.321,富人,63928.1,5934.8,0.0928,0,0,26.6,1.0,0,12.3
101,2858,0.321,富人,37605.1,4444.5,0.1182,0,0,27.1,1.43,0,21.8
101,2859,0.321,富人,93264.2,35095.9,0.3763,0,0,26.4,1.0,0,6.6
101,2860,0.321,富人,58385.7,4658.9,0.0798,0,0,26.2,1.51,0,11.4
101,2861,0.321,富人,58246.1,2996.2,0.0514,0,0,27.5,1.0,0,27.9
101,2862,0.321,富人,36833.2,2376.8,0.0645,0,0,28.7,1.0,0,15.3
101,2863,0.321,富人,42323.0,37452.3,0.8849,1,1,15.3,3.79,0,9.0
101,2864,0.321,富人,45334.4,30865.7,0.6808,1,1,12.1,3.9,0,11.2
102,2865,0.473,富人,127204.9,93839.9,0.7377,1,1,2.0,4.75,0,14.2
102,2866,0.473,富人,103100.2,16224.9,0.1574,0,0,26.8,1.0,0,7.0
102,2867,0.473,富人,18793.4,468.0,0.0249,0,0,28.6,1.0,0,14.5
102,2868,0.473,富人,67131.5,19883.4,0.2962,0,0,24.1,1.79,0,49.0
102,2869,0.473,富人,24287.9,20922.0,0.8614,1,1,21.3,5.15,1,7.2
102,2870,0.473,富人,40212.1,4785.3,0.119,0,0,24.2,1.16,0,11.4
102,2871,0.473,富人,29592.3,5132.2,0.1734,0,0,24.1,1.32,0,24.0
102,2872,0.473,富人,228763.8,192088.3,0.8397,1,1,21.6,3.79,1,14.8
102,2873,0.473,富人,30743.4,28084.9,0.9135,1,0,6.5,3.6,0,34.8
102,2874,0.473,富人,64676.2,43330.0,0.67,1,0,8.4,4.08,0,8.2
102,2875,0.473,富人,63205.7,54243.0,0.8582,1,1,16.9,4.06,0,11.3
102,2876,0.473,富人,21882.1,2606.6,0.1191,0,0,25.8,1.0,0,17.8
102,2877,0.473,富人,36807.9,2481.7,0.0674,0,0,24.6,1.0,0,10.7
102,2878,0.473,富人,68056.7,5213.5,0.0766,0,0,29.9,1.0,1,16.4
102,2879,0.473,富人,118723.2,29897.7,0.2518,0,0,24.3,2.47,0,22.7
102,2880,0.473,富人,66938.2,57251.0,0.8553,1,1,4.1,3.18,1,15.1
102,2881,0.473,富人,69403.2,1752.8,0.0253,0,0,24.1,1.0,0,16.3
102,2882,0.473,富人,29190.8,5803.1,0.1988,0,0,29.9,1.16,0,15.8
102,2883,0.473,富人,22271.0,19458.5,0.8737,1,1,6.2,4.44,0,9.5
102,2884,0.473,富人,121648.4,50599.1,0.4159,0,0,29.5,1.15,0,20.3
102,2885,0.473,富人,35414.8,9286.1,0.2622,0,0,29.8,1.0,0,17.9
102,2886,0.473,富人,30570.4,2524.8,0.0826,0,0,28.6,1.0,0,15.3
102,2887,0.473,富人,104565.8,97142.5,0.929,1,0,14.9,3.52,0,11.5
102,2888,0.473,富人,108730.8,14158.0,0.1302,0,0,25.5,1.03,0,15.4
102,2889,0.473,富人,71208.0,58479.3,0.8212,1,0,11.1,4.91,1,8.6
102,2890,0.473,富人,97035.4,29801.4,0.3071,0,0,30.0,1.84,0,7.5
102,2891,0.473,富人,61380.3,22209.8,0.3618,0,0,25.6,1.98,0,8.3
102,2892,0.473,富人,12150.0,169.9,0.014,0,0,28.5,2.72,0,19.3
102,2893,0.473,富人,86063.7,2537.7,0.0295,0,0,27.6,1.0,0,12.6
102,2894,0.473,富人,39619.0,35693.0,0.9009,1,0,6.2,3.17,0,6.2
102,2895,0.473,富人,72352.2,9265.2,0.1281,0,0,24.8,1.78,0,25.9
103,2896,0.859,中产,26481.4,19425.4,0.7335,1,1,4.6,4.11,0,10.9
103,2897,0.859,中产,31529.7,964.9,0.0306,0,0,26.8,1.38,0,13.2
103,2898,0.859,中产,12938.6,89.9,0.0069,0,0,28.4,1.0,0,18.8
103,2899,0.859,中产,10334.6,563.4,0.0545,0,0,28.0,1.0,0,6.4
103,2900,0.859,中产,29164.2,21675.4,0.7432,1,1,14.3,4.42,1,5.7
103,2901,0.859,中产,8460.6,1271.1,0.1502,0,0,28.3,1.17,0,10.7
103,2902,0.859,中产,8225.6,1006.7,0.1224,0,0,27.4,1.0,0,20.9
103,2903,0.859,中产,31035.4,8410.0,0.271,0,0,29.4,1.26,0,10.2
103,2904,0.859,中产,9888.6,1100.6,0.1113,0,0,28.3,1.0,0,15.1
103,2905,0.859,中产,12592.9,11814.8,0.9382,1,0,11.1,3.77,1,3.1
103,2906,0.859,中产,18480.8,2827.7,0.153,0,0,27.3,1.0,1,23.7
103,2907,0.859,中产,13340.6,614.7,0.0461,0,0,28.5,1.0,0,8.9
103,2908,0.859,中产,37998.0,343.0,0.009,0,0,26.6,1.0,0,33.3
103,2909,0.859,中产,10620.4,1560.5,0.1469,0,0,24.5,1.51,0,14.1
103,2910,0.859,中产,57734.4,5373.1,0.0931,0,0,28.3,2.33,0,19.5
103,2911,0.859,中产,63202.3,59918.7,0.948,1,1,19.6,5.9,1,3.9
103,2912,0.859,中产,22360.8,3378.8,0.1511,0,0,25.0,1.24,0,35.1
103,2913,0.859,中产,17307.0,8283.4,0.4786,0,0,28.7,2.36,0,34.8
103,2914,0.859,中产,12953.1,714.4,0.0552,0,0,27.7,1.29,0,18.0
103,2915,0.859,中产,16745.9,1690.0,0.1009,0,0,28.8,1.0,0,10.5
103,2916,0.859,中产,26868.2,3427.2,0.1276,0,0,25.4,1.98,0,38.1
103,2917,0.859,中产,14852.7,340.5,0.0229,0,0,27.3,1.0,0,9.3
103,2918,0.859,中产,33944.2,13060.6,0.3848,0,0,25.6,2.13,0,36.6
104,2919,0.036,中产,32354.7,20568.4,0.6357,1,1,5.6,5.47,1,2.7
104,2920,0.036,中产,37820.7,4266.0,0.1128,0,0,28.3,2.16,0,10.8
104,2921,0.036,中产,10952.7,9232.8,0.843,1,0,7.9,5.12,1,5.7
104,2922,0.036,中产,19428.0,12978.4,0.668,1,0,23.0,3.7,1,11.5
104,2923,0.036,中产,36163.4,25433.6,0.7033,1,1,7.1,4.64,0,3.7
104,2924,0.036,中产,27849.6,3102.1,0.1114,0,0,29.8,2.56,0,6.0
104,2925,0.036,中产,25937.5,23650.6,0.9118,1,1,13.4,5.55,0,11.2
104,2926,0.036,中产,30992.2,26931.6,0.869,1,0,1.4,4.7,1,10.7
104,2927,0.036,中产,44668.2,2181.0,0.0488,0,0,24.4,2.43,0,32.1
104,2928,0.036,中产,61249.9,2581.1,0.0421,0,0,27.7,1.18,0,16.5
104,2929,0.036,中产,41264.2,35561.7,0.8618,1,1,14.7,5.64,1,10.9
104,2930,0.036,中产,40963.4,36827.8,0.899,1,0,8.9,4.21,1,4.4
104,2931,0.036,中产,20727.7,3211.2,0.1549,0,0,27.2,1.06,0,16.6
104,2932,0.036,中产,20637.8,9055.2,0.4388,0,0,25.3,2.63,0,18.7
104,2933,0.036,中产,41227.5,8186.8,0.1986,0,0,25.0,1.29,0,13.5
104,2934,0.036,中产,39275.2,3218.1,0.0819,0,0,24.2,1.0,0,8.1
104,2935,0.036,中产,25911.4,16431.2,0.6341,1,0,3.8,4.88,1,19.5
104,2936,0.036,中产,63683.9,19265.7,0.3025,0,0,27.2,1.93,0,13.0
104,2937,0.036,中产,20064.2,15362.4,0.7657,1,1,14.9,4.57,0,6.5
105,2938,0.324,穷人,5565.6,3010.5,0.5409,1,0,16.7,4.63,0,4.9
105,2939,0.324,穷人,2706.7,2497.6,0.9228,1,1,16.4,5.52,0,4.4
105,2940,0.324,穷人,7917.7,6047.4,0.7638,1,1,10.4,6.49,1,4.8
105,2941,0.324,穷人,9872.1,1927.5,0.1952,0,0,29.0,2.91,0,22.3
105,2942,0.324,穷人,7690.3,230.7,0.03,0,0,24.8,1.65,0,14.5
105,2943,0.324,穷人,6716.2,5656.1,0.8422,1,0,7.7,4.37,0,5.7
105,2944,0.324,穷人,3977.0,427.1,0.1074,0,0,25.3,1.0,0,15.7
105,2945,0.324,穷人,2641.3,222.6,0.0843,0,0,27.3,2.38,1,5.4
105,2946,0.324,穷人,2854.5,397.5,0.1392,0,0,27.9,2.97,0,11.2
105,2947,0.324,穷人,1247.8,200.3,0.1605,0,0,29.0,1.69,0,13.5
105,2948,0.324,穷人,6133.9,5011.2,0.817,1,0,5.3,6.9,1,3.5
105,2949,0.324,穷人,4410.9,3856.7,0.8744,1,1,8.9,5.92,1,12.8
105,2950,0.324,穷人,5007.8,3689.1,0.7367,1,1,0.3,6.15,1,4.6
105,2951,0.324,穷人,8043.3,929.1,0.1155,0,0,25.3,1.94,0,14.8
105,2952,0.324,穷人,2786.8,239.3,0.0859,0,0,26.3,3.22,0,15.1
105,2953,0.324,穷人,5739.7,926.2,0.1614,0,0,26.9,1.88,0,25.1
105,2954,0.324,穷人,4410.2,510.5,0.1158,0,0,28.1,2.95,0,10.3
105,2955,0.324,穷人,1973.1,83.3,0.0422,0,0,25.9,1.0,0,14.9
105,2956,0.324,穷人,2468.7,277.2,0.1123,0,0,28.1,2.08,0,8.1
105,2957,0.324,穷人,7954.7,86.2,0.0108,0,0,24.8,1.55,0,21.0
105,2958,0.324,穷人,4007.9,475.6,0.1187,0,0,25.2,2.55,0,22.3
105,2959,0.324,穷人,7658.8,5691.9,0.7432,1,1,20.9,5.16,1,6.3
105,2960,0.324,穷人,2151.1,458.6,0.2132,0,0,25.0,1.26,0,12.3
105,2961,0.324,穷人,7806.2,203.4,0.0261,0,0,25.9,3.94,1,11.0
105,2962,0.324,穷人,3349.5,313.4,0.0936,0,0,29.7,1.57,0,17.1
105,2963,0.324,穷人,4810.6,4277.5,0.8892,1,1,16.7,4.33,1,7.3
105,2964,0.324,穷人,7487.1,5834.6,0.7793,1,1,23.2,4.67,0,5.6
105,2965,0.324,穷人,5169.2,756.7,0.1464,0,0,25.6,1.59,0,8.7
105,2966,0.324,穷人,2729.2,2222.2,0.8142,1,1,20.5,5.18,1,19.0
105,2967,0.324,穷人,6756.8,2011.3,0.2977,0,0,26.7,2.31,0,19.0
105,2968,0.324,穷人,4422.8,604.0,0.1366,0,0,26.5,1.0,0,15.1
105,2969,0.324,穷人,3223.7,2646.6,0.821,1,1,10.5,4.83,0,7.0
106,2970,0.357,穷人,27481.4,19712.6,0.7173,1,0,22.0,4.17,0,11.1
106,2971,0.357,穷人,9363.4,826.6,0.0883,0,0,25.8,2.15,0,47.3
106,2972,0.357,穷人,9566.1,6597.3,0.6897,1,0,13.9,4.01,1,13.7
106,2973,0.357,穷人,9883.0,8944.0,0.905,1,1,12.0,5.04,0,10.4
106,2974,0.357,穷人,10167.3,9743.9,0.9584,1,0,11.6,4.94,0,11.9
106,2975,0.357,穷人,9173.6,8443.8,0.9204,1,1,18.0,5.6,1,11.5
106,2976,0.357,穷人,9399.4,7943.7,0.8451,1,1,21.0,4.71,0,17.4
106,2977,0.357,穷人,28170.5,26167.0,0.9289,1,0,21.5,3.82,0,9.7
106,2978,0.357,穷人,5316.5,575.3,0.1082,0,0,25.3,1.61,0,23.4
106,2979,0.357,穷人,7240.8,5502.5,0.7599,1,1,21.6,3.38,0,12.9
106,2980,0.357,穷人,17159.2,14298.0,0.8333,1,0,14.3,4.49,0,12.5
106,2981,0.357,穷人,15593.7,2304.6,0.1478,0,0,25.2,1.0,0,24.0
106,2982,0.357,穷人,24138.4,1590.0,0.0659,0,0,28.7,1.0,0,10.2
106,2983,0.357,穷人,18442.3,4106.5,0.2227,0,0,28.6,1.74,0,8.6
106,2984,0.357,穷人,7103.8,5759.7,0.8108,1,1,22.7,3.91,1,8.5
106,2985,0.357,穷人,11458.6,10126.0,0.8837,1,1,18.1,5.11,0,12.1
106,2986,0.357,穷人,31173.4,18382.7,0.5897,1,1,21.3,4.71,0,6.2
106,2987,0.357,穷人,19997.0,5013.5,0.2507,0,0,24.3,2.0,0,9.5
106,2988,0.357,穷人,14635.6,1378.5,0.0942,0,0,29.0,2.51,0,17.0
106,2989,0.357,穷人,14435.1,8155.8,0.565,1,1,1.9,4.35,1,22.3
106,2990,0.357,穷人,4773.4,3871.9,0.8111,1,1,0.7,4.79,1,7.8
106,2991,0.357,穷人,4455.0,112.8,0.0253,0,0,27.2,1.1,0,17.8
106,2992,0.357,穷人,26232.5,23943.5,0.9127,1,1,4.4,5.08,0,6.5
106,2993,0.357,穷人,13329.6,5482.8,0.4113,0,0,28.7,2.85,0,40.2
106,2994,0.357,穷人,14389.3,2006.5,0.1394,0,0,25.8,1.42,0,17.5
106,2995,0.357,穷人,7365.6,6602.0,0.8963,1,1,4.6,5.2,1,10.4
106,2996,0.357,穷人,10443.0,2560.2,0.2452,0,0,29.0,1.15,1,22.0
106,2997,0.357,穷人,8285.8,4917.6,0.5935,1,1,11.0,4.35,1,13.1
106,2998,0.357,穷人,7693.0,7377.9,0.959,1,1,7.4,6.17,1,6.0
106,2999,0.357,穷人,12379.1,738.5,0.0597,0,0,27.1,2.06,0,4.7
106,3000,0.357,穷人,3873.6,802.2,0.2071,0,0,24.4,1.0,0,23.9
106,3001,0.357,穷人,2629.4,134.8,0.0513,0,0,26.1,1.55,0,6.5
106,3002,0.357,穷人,9472.7,8487.8,0.896,1,1,14.6,4.33,0,9.7
106,3003,0.357,穷人,8970.5,8616.3,0.9605,1,0,5.0,4.63,1,9.7
106,3004,0.357,穷人,10817.1,8262.7,0.7639,1,1,18.2,4.64,0,20.8
106,3005,0.357,穷人,17239.4,2629.3,0.1525,0,0,28.8,1.59,0,21.7
106,3006,0.357,穷人,6317.1,5453.4,0.8633,1,0,20.0,3.89,0,9.1
106,3007,0.357,穷人,26799.7,23664.8,0.883,1,1,17.8,5.64,0,3.7
106,3008,0.357,穷人,18520.2,3655.1,0.1974,0,0,28.6,2.47,0,7.4
106,3009,0.357,穷人,3654.5,1084.1,0.2966,0,0,29.9,1.0,0,29.1
107,3010,0.639,中产,13377.8,422.7,0.0316,0,0,29.8,1.0,0,41.0
107,3011,0.639,中产,50284.1,678.1,0.0135,0,0,25.5,1.2,0,12.1
107,3012,0.639,中产,25825.1,19534.6,0.7564,1,0,16.4,4.38,0,8.1
107,3013,0.639,中产,13812.3,10098.0,0.7311,1,0,22.1,3.22,0,8.8
107,3014,0.639,中产,21859.2,17045.1,0.7798,1,1,4.8,2.15,1,3.1
107,3015,0.639,中产,51132.0,8709.1,0.1703,0,0,26.3,1.56,0,14.6
107,3016,0.639,中产,43201.2,26730.7,0.6187,1,1,12.2,2.77,0,11.7
107,3017,0.639,中产,12001.2,10406.8,0.8672,1,1,15.7,4.49,0,8.5
107,3018,0.639,中产,46529.2,5942.5,0.1277,0,0,30.0,1.89,0,19.7
107,3019,0.639,中产,10575.4,677.7,0.0641,0,0,25.9,1.0,0,15.1
107,3020,0.639,中产,40260.5,9311.7,0.2313,0,0,29.7,1.53,0,5.7
107,3021,0.639,中产,54333.4,11697.8,0.2153,0,0,24.0,1.0,0,2.7
107,3022,0.639,中产,24060.7,19237.8,0.7996,1,1,22.8,4.52,1,6.5
107,3023,0.639,中产,14319.6,1431.4,0.1,0,0,24.2,1.52,0,15.7
107,3024,0.639,中产,9870.6,3003.9,0.3043,0,0,28.8,1.5,0,26.1
107,3025,0.639,中产,21527.2,20957.2,0.9735,1,1,12.0,5.38,1,11.0
107,3026,0.639,中产,7467.0,454.6,0.0609,0,0,24.8,1.0,0,6.9
107,3027,0.639,中产,10131.5,7286.0,0.7191,1,1,17.0,4.73,0,7.5
107,3028,0.639,中产,17427.8,8941.9,0.5131,0,0,26.4,1.98,0,22.0
107,3029,0.639,中产,22385.1,4861.7,0.2172,0,0,29.3,1.22,0,7.9
107,3030,0.639,中产,33277.8,27685.1,0.8319,1,1,8.8,2.97,0,40.0
107,3031,0.639,中产,17211.9,4526.3,0.263,0,0,29.5,2.99,0,6.4
107,3032,0.639,中产,14753.3,12195.2,0.8266,1,1,20.1,4.79,1,14.4
107,3033,0.639,中产,12587.3,4493.5,0.357,0,0,26.4,1.0,0,37.9
107,3034,0.639,中产,33048.1,6228.8,0.1885,0,0,24.8,1.54,0,5.0
107,3035,0.639,中产,30658.8,4963.2,0.1619,0,0,24.2,1.0,0,12.3
107,3036,0.639,中产,25819.3,1092.9,0.0423,0,0,24.1,1.73,0,15.9
107,3037,0.639,中产,16227.8,14649.0,0.9027,1,0,8.3,4.81,0,4.1
107,3038,0.639,中产,23241.6,703.6,0.0303,0,0,25.3,1.11,0,11.2
107,3039,0.639,中产,34356.5,25346.5,0.7377,1,1,11.3,3.65,0,4.3
107,3040,0.639,中产,13119.5,3667.2,0.2795,0,0,28.0,1.0,0,25.9
107,3041,0.639,中产,21092.4,105.6,0.005,0,0,26.8,1.0,0,9.3
107,3042,0.639,中产,9904.2,6441.6,0.6504,1,1,7.1,2.8,0,14.4
107,3043,0.639,中产,37459.5,22710.6,0.6063,1,1,19.2,3.21,0,9.6
108,3044,0.206,穷人,12413.0,1597.2,0.1287,0,0,25.5,1.93,0,13.8
108,3045,0.206,穷人,13293.7,2070.6,0.1558,0,0,24.8,1.0,0,6.1
108,3046,0.206,穷人,7791.9,444.0,0.057,0,0,25.2,1.0,0,9.2
108,3047,0.206,穷人,19169.2,15461.7,0.8066,1,1,6.6,6.12,0,11.5
108,3048,0.206,穷人,5690.9,1673.7,0.2941,0,0,27.4,1.13,0,20.6
108,3049,0.206,穷人,20507.3,1642.9,0.0801,0,0,28.2,1.0,0,19.8
108,3050,0.206,穷人,8720.2,1336.2,0.1532,0,0,29.5,1.65,0,81.3
108,3051,0.206,穷人,8434.8,1979.6,0.2347,0,0,25.1,2.02,0,15.1
108,3052,0.206,穷人,5222.8,2035.1,0.3897,0,0,24.9,3.31,1,10.4
108,3053,0.206,穷人,4898.2,4169.7,0.8513,1,0,12.5,6.0,1,5.7
108,3054,0.206,穷人,5908.7,4685.2,0.7929,1,1,9.7,5.0,0,9.6
108,3055,0.206,穷人,13171.3,3921.4,0.2977,0,0,28.5,1.67,0,40.6
108,3056,0.206,穷人,2356.6,1309.7,0.5558,1,1,10.2,3.81,0,9.2
108,3057,0.206,穷人,2124.6,1647.2,0.7753,1,1,20.1,4.07,0,12.7
108,3058,0.206,穷人,16689.3,2298.8,0.1377,0,0,26.2,2.64,0,12.9
108,3059,0.206,穷人,16524.7,808.9,0.0489,0,0,27.6,1.0,0,31.7
108,3060,0.206,穷人,6797.1,5965.9,0.8777,1,1,0.4,4.53,0,4.4
108,3061,0.206,穷人,9614.4,7120.8,0.7406,1,1,13.0,5.4,1,3.8
108,3062,0.206,穷人,9763.7,1114.1,0.1141,0,0,24.9,1.0,0,10.2
108,3063,0.206,穷人,11280.0,9942.7,0.8814,1,0,12.7,2.88,0,14.8
108,3064,0.206,穷人,9855.5,771.7,0.0783,0,0,29.7,1.0,0,11.5
109,3065,0.405,富人,65179.3,9019.3,0.1384,0,0,24.4,3.25,0,8.9
109,3066,0.405,富人,23122.6,19820.5,0.8572,1,1,22.9,5.77,0,5.2
109,3067,0.405,富人,67181.9,53924.0,0.8027,1,0,12.0,5.65,1,6.9
109,3068,0.405,富人,55242.4,14646.8,0.2651,0,0,25.3,2.63,0,12.3
109,3069,0.405,富人,15309.4,11095.5,0.7247,1,0,20.6,4.76,0,5.5
109,3070,0.405,富人,85911.1,61269.0,0.7132,1,0,3.8,6.03,1,5.0
109,3071,0.405,富人,22451.2,19768.2,0.8805,1,1,6.5,5.79,1,5.3
109,3072,0.405,富人,50521.3,6558.6,0.1298,0,0,28.0,3.33,0,12.1
109,3073,0.405,富人,44691.5,18164.7,0.4064,1,1,22.8,3.86,1,11.4
109,3074,0.405,富人,12093.7,8872.3,0.7336,1,1,14.3,5.14,1,12.5
109,3075,0.405,富人,76323.1,62585.7,0.82,1,1,11.9,4.84,1,13.0
109,3076,0.405,富人,48746.8,46230.4,0.9484,1,1,21.4,6.94,0,5.3
109,3077,0.405,富人,42986.2,19893.6,0.4628,0,0,25.1,3.57,0,36.2
109,3078,0.405,富人,40353.8,30128.6,0.7466,1,1,12.6,6.52,1,4.3
109,3079,0.405,富人,84610.8,19251.6,0.2275,0,0,25.8,3.73,0,16.4
109,3080,0.405,富人,65307.0,23645.7,0.3621,0,0,27.0,2.94,1,16.2
109,3081,0.405,富人,14177.4,1484.4,0.1047,0,0,29.4,3.97,0,12.1
109,3082,0.405,富人,40174.6,36526.8,0.9092,1,1,14.6,5.83,1,10.0
109,3083,0.405,富人,25778.7,5595.0,0.217,0,0,27.9,1.06,0,22.7
109,3084,0.405,富人,52535.0,23134.5,0.4404,0,0,29.9,2.08,0,18.9
109,3085,0.405,富人,11785.0,2570.7,0.2181,0,0,27.1,4.2,0,16.1
109,3086,0.405,富人,25928.9,4553.2,0.1756,0,0,27.1,3.48,0,11.8
109,3087,0.405,富人,31102.3,8828.1,0.2838,0,0,29.3,1.57,0,10.1
109,3088,0.405,富人,67686.2,1225.1,0.0181,0,0,25.3,2.69,0,22.4
109,3089,0.405,富人,109229.7,8838.9,0.0809,0,0,25.7,1.79,0,11.8
109,3090,0.405,富人,24926.8,22131.1,0.8878,1,1,8.6,6.65,0,3.6
109,3091,0.405,富人,62671.3,6998.0,0.1117,0,0,24.7,1.79,0,9.8
109,3092,0.405,富人,25874.6,3702.0,0.1431,0,0,26.5,1.84,0,28.1
109,3093,0.405,富人,17933.8,2329.1,0.1299,0,0,28.6,2.58,1,17.0
110,3094,0.321,富人,91670.9,75812.8,0.827,1,1,22.4,3.91,0,8.8
110,3095,0.321,富人,195558.9,150975.2,0.772,1,0,20.6,3.85,1,9.2
110,3096,0.321,富人,509049.4,412190.2,0.8097,1,1,22.9,4.62,1,7.8
110,3097,0.321,富人,112869.7,9656.9,0.0856,0,0,27.4,1.0,0,32.4
110,3098,0.321,富人,232125.2,18467.0,0.0796,0,0,24.2,1.0,0,15.1
110,3099,0.321,富人,63249.0,4276.5,0.0676,0,0,27.4,1.0,0,36.6
110,3100,0.321,富人,129844.3,81518.2,0.6278,1,1,4.0,3.71,0,7.2
110,3101,0.321,富人,109306.7,2973.5,0.0272,0,0,25.4,1.0,0,25.8
110,3102,0.321,富人,76685.7,11498.6,0.1499,0,0,27.2,2.17,0,31.7
110,3103,0.321,富人,240819.3,99055.6,0.4113,0,0,28.5,1.0,0,10.9
110,3104,0.321,富人,83613.8,7005.5,0.0838,0,0,25.6,1.0,0,60.3
110,3105,0.321,富人,130919.8,87756.3,0.6703,1,1,19.0,3.95,0,5.8
110,3106,0.321,富人,227833.6,169575.5,0.7443,1,1,12.5,5.41,0,8.6
110,3107,0.321,富人,84272.5,69102.8,0.82,1,1,12.0,3.68,0,20.3
110,3108,0.321,富人,57372.8,980.8,0.0171,0,0,28.9,1.61,0,12.6
111,3109,0.528,穷人,4030.3,1240.6,0.3078,0,0,24.5,1.0,0,11.2
111,3110,0.528,穷人,3061.5,335.7,0.1096,0,0,29.4,1.17,0,23.2
111,3111,0.528,穷人,4382.9,3695.6,0.8432,1,0,4.9,3.4,0,20.7
111,3112,0.528,穷人,8694.8,582.0,0.0669,0,0,27.4,1.0,0,12.5
111,3113,0.528,穷人,17244.7,15036.6,0.872,1,1,13.8,5.03,1,5.0
111,3114,0.528,穷人,5740.3,53.7,0.0093,0,0,26.6,1.0,0,6.4
111,3115,0.528,穷人,6854.7,605.7,0.0884,0,0,27.2,1.13,0,31.7
111,3116,0.528,穷人,17586.7,865.0,0.0492,0,0,29.8,1.0,0,21.0
111,3117,0.528,穷人,16317.8,12748.5,0.7813,1,0,15.0,3.55,0,13.5
111,3118,0.528,穷人,12329.9,7807.9,0.6333,1,0,22.4,3.84,1,5.2
111,3119,0.528,穷人,5134.3,3856.3,0.7511,1,1,0.4,3.3,0,25.4
111,3120,0.528,穷人,6370.7,122.0,0.0191,0,0,25.1,1.0,0,24.3
111,3121,0.528,穷人,5458.0,441.4,0.0809,0,0,26.3,1.0,0,6.3
111,3122,0.528,穷人,13606.8,8734.6,0.6419,1,0,21.5,2.27,0,20.8
111,3123,0.528,穷人,9078.2,1742.3,0.1919,0,0,26.0,2.02,0,17.7
111,3124,0.528,穷人,11818.6,3610.4,0.3055,0,0,28.4,1.0,0,13.1
111,3125,0.528,穷人,10131.1,8031.1,0.7927,1,0,13.5,4.87,0,22.5
111,3126,0.528,穷人,5836.9,740.6,0.1269,0,0,25.5,1.0,0,14.9
111,3127,0.528,穷人,29187.3,23115.1,0.792,1,1,2.7,3.05,0,34.9
111,3128,0.528,穷人,21214.6,1202.2,0.0567,0,0,28.5,1.0,0,26.6
111,3129,0.528,穷人,10270.8,230.6,0.0224,0,0,28.4,1.0,0,10.5
111,3130,0.528,穷人,33428.9,29532.3,0.8834,1,1,11.7,4.61,1,9.0
111,3131,0.528,穷人,8012.8,7351.3,0.9174,1,1,17.0,5.65,0,6.4
111,3132,0.528,穷人,15677.4,2382.5,0.152,0,0,29.4,1.39,0,12.9
111,3133,0.528,穷人,15539.1,605.1,0.0389,0,0,26.0,1.0,0,17.9
111,3134,0.528,穷人,18959.2,936.4,0.0494,0,0,27.2,1.83,0,10.1
111,3135,0.528,穷人,26484.5,5936.1,0.2241,0,0,26.5,2.72,0,17.9
111,3136,0.528,穷人,4135.9,1852.7,0.448,1,1,0.8,4.51,0,19.6
111,3137,0.528,穷人,21019.2,9254.7,0.4403,1,1,2.3,2.99,0,12.9
111,3138,0.528,穷人,6401.1,5374.4,0.8396,1,1,11.4,5.68,0,12.0
111,3139,0.528,穷人,10102.9,1952.2,0.1932,0,0,28.1,1.34,0,11.0
111,3140,0.528,穷人,5398.2,4102.0,0.7599,1,1,16.0,3.98,0,12.8
111,3141,0.528,穷人,15872.2,1570.7,0.099,0,0,28.2,1.0,0,19.0
111,3142,0.528,穷人,12469.5,271.0,0.0217,0,0,25.0,1.0,0,11.4
112,3143,0.397,穷人,11692.7,10385.2,0.8882,1,1,17.6,4.92,0,5.6
112,3144,0.397,穷人,16716.1,11342.9,0.6786,1,0,3.6,4.78,1,3.8
112,3145,0.397,穷人,8211.5,2441.9,0.2974,0,0,29.4,2.28,0,8.1
112,3146,0.397,穷人,13280.4,10454.3,0.7872,1,1,14.3,5.56,0,7.0
112,3147,0.397,穷人,9789.7,8429.1,0.861,1,1,18.6,5.35,1,16.2
112,3148,0.397,穷人,8070.2,203.2,0.0252,0,0,27.2,1.0,0,6.7
112,3149,0.397,穷人,4232.5,991.1,0.2342,0,0,24.8,2.28,0,9.4
112,3150,0.397,穷人,39653.4,1717.0,0.0433,0,0,26.5,2.2,0,20.9
112,3151,0.397,穷人,9383.4,8944.0,0.9532,1,1,6.9,5.5,0,9.2
112,3152,0.397,穷人,43380.1,29305.1,0.6755,1,1,1.7,4.0,0,18.9
112,3153,0.397,穷人,5145.8,1418.0,0.2756,0,0,29.4,2.1,0,8.2
112,3154,0.397,穷人,5741.0,4802.8,0.8366,1,0,2.7,5.05,0,13.7
112,3155,0.397,穷人,18237.1,1533.6,0.0841,0,0,29.6,1.9,0,10.4
112,3156,0.397,穷人,8980.4,8439.1,0.9397,1,1,15.6,4.71,0,20.3
112,3157,0.397,穷人,6376.2,5559.7,0.8719,1,1,1.6,5.3,1,7.9
112,3158,0.397,穷人,10215.5,2289.1,0.2241,0,0,27.4,1.61,0,14.3
112,3159,0.397,穷人,8847.2,6239.3,0.7052,1,1,20.1,2.81,1,6.2
112,3160,0.397,穷人,5035.9,4555.5,0.9046,1,0,5.1,3.85,1,10.2
112,3161,0.397,穷人,15330.0,3275.4,0.2137,0,0,28.4,1.86,0,13.9
112,3162,0.397,穷人,12458.2,10673.8,0.8568,1,1,2.7,6.31,1,2.5
113,3163,0.267,中产,47077.3,20299.5,0.4312,0,0,24.8,2.01,0,47.6
113,3164,0.267,中产,19092.2,2236.6,0.1171,0,0,27.5,1.0,0,12.7
113,3165,0.267,中产,62657.5,43819.2,0.6993,1,1,18.9,3.52,1,7.0
113,3166,0.267,中产,41736.9,6196.8,0.1485,0,0,25.3,1.55,0,16.1
113,3167,0.267,中产,18220.8,1058.2,0.0581,0,0,28.9,1.0,0,9.1
113,3168,0.267,中产,12751.2,2512.6,0.197,0,0,28.4,1.27,0,8.4
113,3169,0.267,中产,32499.6,25364.3,0.7804,1,1,14.8,4.85,0,54.9
113,3170,0.267,中产,9999.7,851.8,0.0852,0,0,29.6,1.0,0,10.2
113,3171,0.267,中产,29418.2,10662.8,0.3625,0,0,25.3,1.95,0,4.0
113,3172,0.267,中产,23057.7,3410.6,0.1479,0,0,28.8,1.67,0,9.2
113,3173,0.267,中产,37281.7,28955.0,0.7767,1,1,12.2,2.87,0,20.6
113,3174,0.267,中产,62879.1,9526.6,0.1515,0,0,28.2,1.8,0,18.8
113,3175,0.267,中产,17622.3,1219.3,0.0692,0,0,26.4,1.98,0,10.0
113,3176,0.267,中产,36008.1,6439.1,0.1788,0,0,29.4,2.73,0,15.2
113,3177,0.267,中产,23524.9,248.6,0.0106,0,0,25.0,1.78,0,9.4
113,3178,0.267,中产,18014.8,17745.2,0.985,1,0,2.4,3.39,0,11.6
113,3179,0.267,中产,30512.1,64.8,0.0021,0,0,29.9,1.0,0,18.7
113,3180,0.267,中产,43897.5,35242.4,0.8028,1,0,5.2,4.55,0,11.2
113,3181,0.267,中产,19544.3,3180.2,0.1627,0,0,24.6,1.02,0,14.8
113,3182,0.267,中产,25511.2,16132.3,0.6324,1,1,2.3,4.43,1,12.3
113,3183,0.267,中产,40982.6,39204.4,0.9566,1,0,5.7,3.95,0,10.8
113,3184,0.267,中产,9759.1,1919.2,0.1967,0,0,28.7,2.43,0,16.5
113,3185,0.267,中产,44188.4,2660.6,0.0602,0,0,25.2,1.0,0,17.1
113,3186,0.267,中产,28940.1,23854.9,0.8243,1,0,14.3,3.95,1,20.3
113,3187,0.267,中产,14278.0,3583.7,0.251,0,0,24.6,2.98,0,8.0
113,3188,0.267,中产,36490.5,2366.1,0.0648,0,0,25.5,2.03,0,19.6
113,3189,0.267,中产,70550.2,8911.5,0.1263,0,0,27.1,1.55,0,52.3
113,3190,0.267,中产,15218.3,10057.6,0.6609,1,1,16.2,3.69,0,14.3
113,3191,0.267,中产,20783.6,1181.5,0.0568,0,0,29.5,1.3,0,24.5
113,3192,0.267,中产,13996.0,3608.2,0.2578,0,0,27.1,1.31,1,31.6
113,3193,0.267,中产,22918.8,18591.5,0.8112,1,1,22.1,5.21,0,5.5
113,3194,0.267,中产,24984.2,18287.4,0.732,1,1,13.1,4.85,1,4.9
113,3195,0.267,中产,13665.6,4270.2,0.3125,0,0,30.0,2.76,0,17.4
113,3196,0.267,中产,24540.6,3645.2,0.1485,0,0,24.9,1.0,0,15.3
114,3197,0.703,富人,152221.0,97408.9,0.6399,1,1,20.8,4.48,0,6.7
114,3198,0.703,富人,46570.4,26408.4,0.5671,1,0,3.4,4.29,0,7.5
114,3199,0.703,富人,70088.6,54230.5,0.7737,1,0,21.3,4.54,0,5.9
114,3200,0.703,富人,56891.3,2961.9,0.0521,0,0,28.1,2.36,0,10.5
114,3201,0.703,富人,155412.2,129205.9,0.8314,1,0,22.6,4.37,0,13.9
114,3202,0.703,富人,97081.0,24381.9,0.2511,0,0,24.1,1.94,0,108.9
114,3203,0.703,富人,137023.2,113104.9,0.8254,1,1,13.2,4.6,1,8.5
114,3204,0.703,富人,81936.2,11597.6,0.1415,0,0,25.7,3.24,0,10.6
114,3205,0.703,富人,53190.9,4767.9,0.0896,0,0,27.1,1.84,0,29.9
114,3206,0.703,富人,36458.0,23903.3,0.6556,1,1,23.1,5.54,1,5.6
114,3207,0.703,富人,60531.9,37190.2,0.6144,1,0,17.9,4.0,1,8.2
114,3208,0.703,富人,38390.9,27370.6,0.7129,1,1,11.3,6.13,1,13.5
114,3209,0.703,富人,24914.9,1464.0,0.0588,0,0,29.0,1.45,0,22.6
114,3210,0.703,富人,122170.6,79768.6,0.6529,1,1,23.0,6.16,0,6.6
114,3211,0.703,富人,157991.7,7241.6,0.0458,0,0,27.1,1.0,0,14.2
114,3212,0.703,富人,50538.7,25688.3,0.5083,1,0,12.2,4.28,1,24.3
114,3213,0.703,富人,34919.1,7597.7,0.2176,0,0,28.3,2.93,0,14.7
114,3214,0.703,富人,66032.3,4833.8,0.0732,0,0,27.0,2.97,0,11.5
114,3215,0.703,富人,53640.1,2477.3,0.0462,0,0,28.4,2.91,0,6.2
114,3216,0.703,富人,86303.4,3680.9,0.0427,0,0,24.0,1.0,0,10.7
114,3217,0.703,富人,67247.3,3053.0,0.0454,0,0,29.5,1.5,0,17.9
115,3218,0.763,穷人,6654.2,221.8,0.0333,0,0,25.4,1.59,1,7.0
115,3219,0.763,穷人,10883.9,560.4,0.0515,0,0,27.9,1.2,0,17.7
115,3220,0.763,穷人,13595.7,1870.9,0.1376,0,0,26.8,1.0,0,26.6
115,3221,0.763,穷人,11272.5,1342.0,0.119,0,0,25.3,2.03,0,2.8
115,3222,0.763,穷人,8983.4,569.8,0.0634,0,0,29.9,1.0,0,10.5
115,3223,0.763,穷人,8655.2,534.7,0.0618,0,0,28.1,1.0,0,15.6
115,3224,0.763,穷人,5205.9,850.5,0.1634,0,0,27.5,1.45,0,23.5
115,3225,0.763,穷人,18521.4,3197.0,0.1726,0,0,27.2,2.0,0,15.6
115,3226,0.763,穷人,4264.4,304.7,0.0715,0,0,24.1,1.56,0,16.7
115,3227,0.763,穷人,5467.1,1291.4,0.2362,0,0,24.5,1.49,0,13.5
115,3228,0.763,穷人,4590.4,3720.0,0.8104,1,1,5.2,3.16,1,9.7
115,3229,0.763,穷人,9631.0,4411.9,0.4581,0,0,28.9,3.37,0,11.3
115,3230,0.763,穷人,2539.3,187.3,0.0738,0,0,26.3,2.23,0,13.9
115,3231,0.763,穷人,18558.8,2188.5,0.1179,0,0,29.4,2.05,1,26.9
115,3232,0.763,穷人,7044.4,4808.1,0.6825,1,0,12.6,3.44,0,13.8
116,3233,0.62,中产,8283.6,1086.6,0.1312,0,0,25.1,1.6,0,8.8
116,3234,0.62,中产,14120.0,4743.5,0.3359,0,0,25.8,1.88,1,7.0
116,3235,0.62,中产,37240.4,6180.6,0.166,0,0,26.3,1.0,0,19.1
116,3236,0.62,中产,23288.9,6596.6,0.2833,0,0,28.7,3.55,1,12.6
116,3237,0.62,中产,10740.8,738.7,0.0688,0,0,26.1,2.03,0,10.8
116,3238,0.62,中产,86759.1,10852.5,0.1251,0,0,28.0,2.59,0,17.4
116,3239,0.62,中产,19491.7,14335.8,0.7355,1,1,22.7,4.45,0,20.8
116,3240,0.62,中产,42846.6,38025.7,0.8875,1,1,11.4,4.69,1,6.9
116,3241,0.62,中产,19547.9,7338.4,0.3754,0,0,26.9,2.61,0,29.1
116,3242,0.62,中产,17554.3,15183.6,0.8649,1,1,11.4,5.51,1,12.2
116,3243,0.62,中产,68596.1,33132.3,0.483,0,0,26.5,2.95,0,11.0
116,3244,0.62,中产,46332.9,40039.7,0.8642,1,1,6.8,5.83,1,5.7
116,3245,0.62,中产,15499.1,1226.7,0.0791,0,0,24.5,1.0,0,12.8
116,3246,0.62,中产,12442.3,4979.5,0.4002,0,0,29.2,2.87,0,5.7
116,3247,0.62,中产,28101.6,1013.1,0.0361,0,0,24.6,3.03,1,15.4
116,3248,0.62,中产,27219.5,2658.0,0.0977,0,0,27.0,2.04,0,46.6
116,3249,0.62,中产,49486.9,27497.2,0.5556,1,0,2.0,2.02,0,10.7
116,3250,0.62,中产,5283.3,4595.8,0.8699,1,1,7.6,5.0,1,3.5
117,3251,0.86,富人,101055.4,15626.6,0.1546,0,0,28.3,1.0,0,37.4
117,3252,0.86,富人,169353.5,151244.9,0.8931,1,1,17.8,5.05,0,6.6
117,3253,0.86,富人,101120.1,8617.9,0.0852,0,0,24.3,1.29,0,5.8
117,3254,0.86,富人,66756.5,2675.7,0.0401,0,0,25.6,1.0,0,7.7
117,3255,0.86,富人,60891.3,12253.7,0.2012,0,0,30.0,1.0,0,9.9
117,3256,0.86,富人,66960.4,44973.4,0.6716,1,1,11.7,3.31,1,10.4
117,3257,0.86,富人,64097.1,2549.4,0.0398,0,0,27.7,1.0,0,20.6
117,3258,0.86,富人,33966.2,1264.4,0.0372,0,0,24.0,1.15,0,8.0
117,3259,0.86,富人,89285.5,10454.9,0.1171,0,0,27.0,1.0,0,12.4
117,3260,0.86,富人,42247.4,33074.0,0.7829,1,1,15.3,4.68,1,8.9
117,3261,0.86,富人,179513.2,31932.5,0.1779,0,0,28.5,1.51,0,23.7
117,3262,0.86,富人,75856.3,6291.1,0.0829,0,0,27.8,1.0,0,15.7
117,3263,0.86,富人,134204.3,36010.0,0.2683,0,0,28.4,2.37,0,15.7
117,3264,0.86,富人,73702.2,65743.9,0.892,1,0,12.6,3.53,1,7.2
117,3265,0.86,富人,68406.5,18245.1,0.2667,0,0,30.0,1.0,0,20.8
117,3266,0.86,富人,69152.5,17056.6,0.2467,0,0,25.6,1.0,0,7.2
117,3267,0.86,富人,103811.5,16838.9,0.1622,0,0,25.8,1.0,0,14.4
117,3268,0.86,富人,46633.6,46004.1,0.9865,1,1,5.6,5.41,1,3.1
117,3269,0.86,富人,66774.1,7042.7,0.1055,0,0,26.8,1.59,0,19.7
117,3270,0.86,富人,31180.3,4273.7,0.1371,0,0,24.4,1.0,0,14.7
118,3271,0.313,穷人,4125.8,3101.2,0.7517,1,1,12.2,3.67,1,21.0
118,3272,0.313,穷人,3283.0,2936.9,0.8946,1,1,2.5,3.79,0,9.3
118,3273,0.313,穷人,2957.9,622.3,0.2104,0,0,28.3,2.05,0,13.3
118,3274,0.313,穷人,2674.3,513.8,0.1921,0,0,25.2,1.54,0,22.0
118,3275,0.313,穷人,23293.9,18775.6,0.806,1,1,14.1,4.57,1,6.1
118,3276,0.313,穷人,4900.2,4177.8,0.8526,1,0,5.5,4.24,1,4.7
118,3277,0.313,穷人,7887.6,113.7,0.0144,0,0,24.8,1.2,0,19.9
118,3278,0.313,穷人,6233.4,1547.0,0.2482,0,0,25.4,1.54,0,10.2
118,3279,0.313,穷人,11574.3,8876.3,0.7669,1,0,23.9,4.25,1,5.6
118,3280,0.313,穷人,4188.0,670.4,0.1601,0,0,24.1,3.53,0,18.4
118,3281,0.313,穷人,14586.9,231.5,0.0159,0,0,27.4,1.19,0,13.1
118,3282,0.313,穷人,8422.7,999.4,0.1187,0,0,26.7,1.0,0,15.7
118,3283,0.313,穷人,8455.6,5608.2,0.6633,1,1,16.6,4.44,1,11.2
118,3284,0.313,穷人,6437.7,4101.3,0.6371,1,0,8.8,4.77,1,7.3
118,3285,0.313,穷人,12984.8,1662.3,0.128,0,0,26.3,1.8,0,25.8
118,3286,0.313,穷人,2730.7,1117.4,0.4092,0,0,25.0,2.3,0,8.2
118,3287,0.313,穷人,6894.9,5362.7,0.7778,1,0,9.2,4.72,0,6.8
118,3288,0.313,穷人,10094.0,8481.1,0.8402,1,1,16.5,3.87,1,6.7
118,3289,0.313,穷人,1699.7,1508.2,0.8874,1,1,10.8,4.16,1,7.2
118,3290,0.313,穷人,8014.0,3950.5,0.4929,1,1,9.3,4.38,0,9.6
118,3291,0.313,穷人,13267.1,511.8,0.0386,0,0,25.5,1.0,0,12.5
118,3292,0.313,穷人,6735.5,3357.0,0.4984,0,0,25.5,2.64,0,11.8
118,3293,0.313,穷人,3333.5,410.0,0.123,0,0,25.2,1.0,0,22.3
118,3294,0.313,穷人,7071.6,5214.6,0.7374,1,1,2.3,4.93,0,10.5
118,3295,0.313,穷人,2759.1,328.0,0.1189,0,0,26.5,2.42,0,11.7
118,3296,0.313,穷人,5181.5,2559.5,0.494,0,0,28.9,2.08,0,11.8
118,3297,0.313,穷人,35611.7,5138.8,0.1443,0,0,29.6,2.2,0,22.2
118,3298,0.313,穷人,5386.6,5290.5,0.9822,1,1,20.1,6.59,0,5.5
118,3299,0.313,穷人,10789.4,1198.1,0.111,0,0,29.8,1.61,0,15.5
118,3300,0.313,穷人,16132.6,3121.6,0.1935,0,0,28.7,1.0,0,10.0
118,3301,0.313,穷人,4013.1,3014.1,0.7511,1,0,12.3,4.87,1,15.6
118,3302,0.313,穷人,11512.8,1060.9,0.0921,0,0,25.3,1.0,0,7.1
118,3303,0.313,穷人,11158.4,683.2,0.0612,0,0,28.8,1.0,0,15.5
118,3304,0.313,穷人,12571.6,3403.0,0.2707,0,0,24.6,1.0,0,6.9
118,3305,0.313,穷人,4158.4,3315.3,0.7973,1,0,6.1,4.61,0,22.5
119,3306,0.621,穷人,5957.0,364.5,0.0612,0,0,29.4,1.61,0,18.0
119,3307,0.621,穷人,8015.0,1269.6,0.1584,0,0,27.7,2.53,0,10.6
119,3308,0.621,穷人,17199.9,2155.7,0.1253,0,0,28.0,1.0,0,14.7
119,3309,0.621,穷人,8711.5,7923.9,0.9096,1,1,1.5,5.62,0,5.1
119,3310,0.621,穷人,27643.2,24091.4,0.8715,1,1,13.1,4.47,0,11.1
119,3311,0.621,穷人,9102.1,7456.8,0.8192,1,1,20.7,3.44,1,13.2
119,3312,0.621,穷人,11004.6,10028.3,0.9113,1,1,8.6,4.9,1,11.4
119,3313,0.621,穷人,6594.8,1276.4,0.1935,0,0,29.1,1.3,0,5.8
119,3314,0.621,穷人,6140.3,1252.0,0.2039,0,0,27.0,1.11,0,19.5
119,3315,0.621,穷人,12745.4,639.5,0.0502,0,0,26.2,1.91,0,25.0
119,3316,0.621,穷人,7692.7,1276.1,0.1659,0,0,29.1,1.0,0,17.1
119,3317,0.621,穷人,10505.4,9200.3,0.8758,1,1,23.3,4.58,1,6.7
119,3318,0.621,穷人,9584.2,1754.4,0.183,0,0,26.4,1.35,0,16.9
119,3319,0.621,穷人,31239.4,1276.3,0.0409,0,0,25.6,1.0,0,13.5
119,3320,0.621,穷人,8479.3,1498.0,0.1767,0,0,24.5,1.0,0,9.4
119,3321,0.621,穷人,10088.3,2624.8,0.2602,0,0,26.4,1.66,0,11.4
119,3322,0.621,穷人,5718.4,1086.8,0.1901,0,0,26.0,1.0,0,9.7
119,3323,0.621,穷人,15310.5,1233.2,0.0805,0,0,29.0,1.27,0,22.9
119,3324,0.621,穷人,8210.1,4630.7,0.564,1,0,2.1,2.99,0,9.2
119,3325,0.621,穷人,3617.0,3256.4,0.9003,1,0,3.8,5.18,0,6.4
119,3326,0.621,穷人,7061.2,1715.0,0.2429,0,0,26.2,1.2,0,9.5
119,3327,0.621,穷人,18662.2,4507.7,0.2415,0,0,26.8,1.88,1,21.0
119,3328,0.621,穷人,13228.3,1742.6,0.1317,0,0,25.7,1.27,0,27.6
119,3329,0.621,穷人,27157.9,17928.5,0.6602,1,1,20.4,5.22,0,2.4
119,3330,0.621,穷人,19255.8,1380.1,0.0717,0,0,28.9,1.04,0,8.3
119,3331,0.621,穷人,7210.2,454.1,0.063,0,0,28.7,1.83,1,18.4
119,3332,0.621,穷人,8700.9,8264.7,0.9499,1,1,10.0,5.13,0,7.2
119,3333,0.621,穷人,4556.1,331.6,0.0728,0,0,24.7,1.13,0,14.4
119,3334,0.621,穷人,9078.5,623.1,0.0686,0,0,27.3,1.0,0,18.2
119,3335,0.621,穷人,15439.0,1093.6,0.0708,0,0,28.1,1.0,0,5.8
119,3336,0.621,穷人,9852.5,1805.1,0.1832,0,0,29.2,2.17,0,6.7
119,3337,0.621,穷人,15615.6,3941.1,0.2524,0,0,26.4,1.0,0,42.2
119,3338,0.621,穷人,14456.0,549.2,0.038,0,0,25.5,1.0,0,7.4
119,3339,0.621,穷人,4436.6,1102.6,0.2485,0,0,25.0,2.04,0,23.3
119,3340,0.621,穷人,6447.7,502.7,0.078,0,0,26.8,1.1,0,7.4
119,3341,0.621,穷人,10958.3,958.8,0.0875,0,0,26.9,3.29,1,34.6
119,3342,0.621,穷人,8709.0,1074.4,0.1234,0,0,30.0,2.22,0,15.3
119,3343,0.621,穷人,23526.0,2147.4,0.0913,0,0,25.0,1.0,0,7.8
119,3344,0.621,穷人,4666.9,1689.6,0.362,0,0,27.6,2.85,0,13.7
119,3345,0.621,穷人,8285.4,5746.7,0.6936,1,0,5.9,3.58,0,5.7
120,3346,0.338,中产,11906.2,1867.1,0.1568,0,0,25.2,1.0,0,16.4
120,3347,0.338,中产,25026.9,5838.4,0.2333,0,0,25.7,1.0,0,20.4
120,3348,0.338,中产,39108.4,22993.1,0.5879,1,1,12.4,3.39,0,6.5
120,3349,0.338,中产,18229.2,14309.6,0.785,1,1,13.1,4.15,0,10.3
120,3350,0.338,中产,19043.3,6531.8,0.343,0,0,26.3,1.12,0,4.8
120,3351,0.338,中产,25826.8,6779.9,0.2625,0,0,28.9,1.0,0,17.2
120,3352,0.338,中产,6152.5,208.6,0.0339,0,0,29.1,1.0,0,7.4
120,3353,0.338,中产,31618.8,2580.1,0.0816,0,0,27.9,1.0,0,13.0
120,3354,0.338,中产,7921.3,1305.3,0.1648,0,0,27.3,1.0,0,15.1
120,3355,0.338,中产,6025.9,1969.7,0.3269,0,0,25.1,1.38,0,16.3
120,3356,0.338,中产,16819.6,1252.8,0.0745,0,0,27.2,1.0,0,10.2
120,3357,0.338,中产,21576.0,5269.6,0.2442,0,0,25.9,1.0,0,21.0
120,3358,0.338,中产,14813.8,1091.2,0.0737,0,0,27.6,1.0,0,21.4
120,3359,0.338,中产,2764.8,147.0,0.0532,0,0,25.3,1.0,0,48.2
120,3360,0.338,中产,8865.5,741.5,0.0836,0,0,25.1,1.01,0,11.4
120,3361,0.338,中产,20043.5,14106.2,0.7038,1,1,3.9,2.37,0,27.5
120,3362,0.338,中产,6862.6,127.0,0.0185,0,0,27.5,1.0,0,19.4
120,3363,0.338,中产,16863.7,6397.4,0.3794,0,0,24.8,1.18,0,25.7
120,3364,0.338,中产,30635.4,22969.8,0.7498,1,1,18.6,2.54,0,26.8
120,3365,0.338,中产,34634.8,3011.2,0.0869,0,0,27.4,1.32,0,21.6
120,3366,0.338,中产,19527.1,12602.2,0.6454,1,1,17.8,2.99,0,6.3
120,3367,0.338,中产,8187.4,6579.3,0.8036,1,1,5.4,3.13,0,6.1
120,3368,0.338,中产,23033.2,3039.7,0.132,0,0,24.8,1.0,0,10.0
120,3369,0.338,中产,10849.0,98.4,0.0091,0,0,27.0,1.0,0,9.8
120,3370,0.338,中产,31937.1,23542.5,0.7372,1,1,7.6,4.14,0,18.4
120,3371,0.338,中产,12093.4,10975.5,0.9076,1,1,6.1,6.24,1,5.0
